token,level,duration_min,duration_raw,output_token,output_amount,input_token_1,input_amount_1,input_token_2,input_amount_2,upgrade_token,upgrade_amount,power_cost,yield_percent,xp_per_output,daily_production,output_change,duration_change,production_change,input_1_consumption_per_day,input_1_production_per_day_at_same_value,input_2_consumption_per_day,input_2_production_per_day_at_same_value,power_per_unit,xp_per_day,xp_per_battery
ACID,1,6480,"108:00:00",ACID,1,FUEL,2,SCREWS,2,FUEL,1,297500,100,4000000,0.22,0,0,0,0.44,0.43,0.44,0.5,297500,888888.89,13
ACID,2,4680,"78:00:00",ACID,1,FUEL,1.98,SCREWS,1.98,SCREWS,10,297500,101.18,4000000,0.31,0,0,38.46,0.61,0.69,0.61,1.23,297500,1230769.23,13
ACID,3,3660,"61:00:00",ACID,1,FUEL,1.95,SCREWS,1.95,CERAMICS,69,297500,102.46,4000000,0.39,0,0,27.87,0.77,1.04,0.77,1.6,297500,1573770.29,13
ACID,4,3000,"50:00:00",ACID,1,FUEL,1.93,SCREWS,1.93,CERAMICS,102,297500,103.85,4000000,0.48,0,0,22,0.92,1.2,0.92,1.78,297500,1920000.31,13
ACID,5,2460,"41:00:00",ACID,1,FUEL,1.9,SCREWS,1.9,STONE,49,297500,105.36,4000000,0.59,0,0,21.95,1.11,1.5,1.11,1.96,297500,2341463.87,13
ACID,6,2040,"34:00:00",ACID,1,FUEL,1.87,SCREWS,1.87,STONE,70,297500,106.99,4000000,0.71,0,0,20.59,1.32,1.71,1.32,2.32,297500,2823528.75,13
ACID,7,1620,"27:00:00",ACID,1,FUEL,1.84,SCREWS,1.84,CEMENT,16,297500,108.76,4000000,0.89,0,0,25.93,1.63,2,1.63,2.53,297500,3555555.56,13
ACID,8,1260,"21:00:00",ACID,1,FUEL,1.81,SCREWS,1.81,ACID,46,297500,110.67,4000000,1.14,0,0,28.57,2.07,2.29,2.07,2.72,297500,4571428.57,13
ACID,9,900,"15:00:00",ACID,1,FUEL,1.77,SCREWS,1.77,ACID,63,297500,112.75,4000000,1.6,0,0,40,2.84,2.67,2.84,2.88,297500,6400000,13
ACID,10,600,"10:00:00",ACID,1,FUEL,1.74,SCREWS,1.74,PLASTICS,11,297500,115,4000000,2.4,0,0,50,4.17,3,4.17,3,297500,9599992.32,13
ALGAE,1,360,"6:00:00",ALGAE,1,SEAWATER,4,,0,SEAWATER,1,5000,100,21000,4,0,0,0,16,12,0,0,5000,84000,4
ALGAE,2,600,"10:00:00",ALGAE,2,SEAWATER,7.92,,0,STEEL,3,9976,101.05,21000,4.8,1,0,20,19,12,0,0,4988,100799.92,4
ALGAE,3,510,"8:30:00",ALGAE,2,SEAWATER,7.84,,0,STEEL,5,9976,102.06,21000,5.65,0,0,17.65,22.13,24,0,0,4988,118588.12,4
ALGAE,4,450,"7:30:00",ALGAE,2,SEAWATER,7.76,,0,STEEL,8,9976,103.04,21000,6.4,0,0,13.33,24.84,32,0,0,4988,134400,4
ALGAE,5,810,"13:30:00",ALGAE,4,SEAWATER,15.39,,0,STEEL,11,19744,103.97,21000,7.11,2,0,11.11,27.36,35.56,0,0,4936,149333.33,4
ALGAE,6,720,"12:00:00",ALGAE,4,SEAWATER,15.26,,0,STEEL,15,19744,104.88,21000,8,0,0,12.5,30.51,41.14,0,0,4936,168000,4
ALGAE,7,630,"10:30:00",ALGAE,4,SEAWATER,15.13,,0,STEEL,20,19744,105.75,21000,9.14,0,0,14.29,34.58,43.64,0,0,4936,192000,4
ALGAE,8,540,"9:00:00",ALGAE,4,SEAWATER,15.01,,0,STEEL,26,19744,106.59,21000,10.67,0,0,16.67,40.03,48,0,0,4936,224000,4
ALGAE,9,480,"8:00:00",ALGAE,4,SEAWATER,14.9,,0,STEEL,34,19744,107.41,21000,12,0,0,12.5,44.69,50.53,0,0,4936,252000.25,4
ALGAE,10,690,"11:30:00",ALGAE,6,SEAWATER,22.18,,0,SCREWS,15,28512,108.2,21000,12.52,2,0,4.35,46.29,54.34,0,0,4752,262956.34,4
ALGAE,11,630,"10:30:00",ALGAE,6,SEAWATER,22.02,,0,SCREWS,19,28512,108.97,21000,13.71,0,0,9.52,50.34,56.47,0,0,4752,288000,4
ALGAE,12,570,"9:30:00",ALGAE,6,SEAWATER,21.88,,0,SCREWS,24,28512,109.71,21000,15.16,0,0,10.53,55.27,60,0,0,4752,318316.06,4
ALGAE,13,525,"8:45:00",ALGAE,6,SEAWATER,21.73,,0,SCREWS,30,28512,110.44,21000,16.46,0,0,8.57,59.61,65.81,0,0,4752,345600.32,4
ALGAE,14,480,"8:00:00",ALGAE,6,SEAWATER,21.59,,0,SCREWS,38,28512,111.14,21000,18,0,0,9.38,64.78,68.87,0,0,4752,378000.38,4
ALGAE,15,630,"10:30:00",ALGAE,8,SEAWATER,28.62,,0,SCREWS,48,37600,111.83,21000,18.29,2,0,1.59,65.41,71.72,0,0,4700,384000,4
ALGAE,16,570,"9:30:00",ALGAE,8,SEAWATER,28.45,,0,SCREWS,61,37600,112.49,21000,20.21,0,0,10.53,71.87,77.14,0,0,4700,424421.41,4
ALGAE,17,540,"9:00:00",ALGAE,8,SEAWATER,28.28,,0,SCREWS,76,37600,113.14,21000,21.33,0,0,5.56,75.42,80,0,0,4700,448000,4
ALGAE,18,510,"8:30:00",ALGAE,8,SEAWATER,28.12,,0,SCREWS,96,37600,113.78,21000,22.59,0,0,5.88,79.41,85.04,0,0,4700,474352.49,4
ALGAE,19,480,"8:00:00",ALGAE,8,SEAWATER,27.97,,0,SCREWS,120,37600,114.4,21000,24,0,0,6.25,83.92,87.45,0,0,4700,504000.5,4
ALGAE,20,480,"8:00:00",ALGAE,10,SEAWATER,34.78,,0,SCREWS,150,42500,115,21000,30,2,0,25,104.35,90,0,0,4250,630000.63,5
ARTICLE,1,240,"4:00:00",ARTICLE,1,BOOK,2,SALT,2,STEEL,1,2500,100,7500,6,0,0,0,12,12,12,8,2500,45000,3
ARTICLE,2,240,"4:00:00",ARTICLE,2,BOOK,4,SALT,4,STEEL,10,5000,100,7500,12,1,0,100,24,76.8,24,42.99,2500,90000,3
ARTICLE,3,300,"5:00:00",ARTICLE,3,BOOK,6,SALT,6,STEEL,18,7500,100,7500,14.4,1,0,20,28.8,87.27,28.8,47.34,2500,108000,3
ARTICLE,4,330,"5:30:00",ARTICLE,4,BOOK,8,SALT,8,STEEL,30,10000,100,7500,17.45,1,0,21.21,34.91,96,34.91,51.04,2500,130909.09,3
ARTICLE,5,360,"6:00:00",ARTICLE,6,BOOK,12,SALT,12,SCREWS,12,15000,100,7500,24,2,0,37.5,48,98.53,48,51.04,2500,180000,3
ARTICLE,6,390,"6:30:00",ARTICLE,8,BOOK,16,SALT,16,SCREWS,25,20000,100,7500,29.54,2,0,23.08,59.08,110.77,59.08,54.21,2500,221538.46,3
ARTICLE,7,420,"7:00:00",ARTICLE,10,BOOK,20,SALT,20,SCREWS,48,25000,100,7500,34.29,2,0,16.07,68.57,122.18,68.57,55.64,2500,257142.86,3
ARTICLE,8,450,"7:30:00",ARTICLE,12,BOOK,24,SALT,24,SCREWS,75,30000,100,7500,38.4,2,0,12,76.8,132.63,76.8,56.97,2500,288000,3
ARTICLE,9,480,"8:00:00",ARTICLE,15,BOOK,30,SALT,30,SCREWS,125,37500,100,7500,45,3,0,17.19,90,144,90,58.21,2500,337500,3
ARTICLE,10,480,"8:00:00",ARTICLE,18,BOOK,36,SALT,36,SCREWS,200,45000,100,7500,54,3,0,20,108,150,108,60,2500,405000,3
BEAM,1,1,"0:01:00",BEAM,1,LUMBER,5,,0,SCREWS,5,0,100,5,1440,0,0,0,7200,0,0,0,0,7200,0
BOLTS,1,5040,"84:00:00",BOLTS,1,SCREWS,2,,0,SCREWS,1,60000,100,800000,0.29,0,0,0,0.57,0.5,0,0,60000,228571.43,13
BOLTS,2,4320,"72:00:00",BOLTS,1,SCREWS,1.99,,0,SCREWS,10,60000,100.5,800000,0.33,0,0,16.67,0.66,1.23,0,0,60000,266666.67,13
BOLTS,3,3600,"60:00:00",BOLTS,1,SCREWS,1.98,,0,SCREWS,15,60000,101.25,800000,0.4,0,0,20,0.79,1.6,0,0,60000,320000,13
BOLTS,4,3000,"50:00:00",BOLTS,1,SCREWS,1.96,,0,SCREWS,23,60000,102.25,800000,0.48,0,0,20,0.94,1.78,0,0,60000,384000,13
BOLTS,5,2400,"40:00:00",BOLTS,1,SCREWS,1.94,,0,SCREWS,33,60000,103.25,800000,0.6,0,0,25,1.16,1.96,0,0,60000,480000,13
BOLTS,6,1920,"32:00:00",BOLTS,1,SCREWS,1.91,,0,SCREWS,47,60000,104.75,800000,0.75,0,0,25,1.43,2.32,0,0,60000,600000,13
BOLTS,7,1440,"24:00:00",BOLTS,1,SCREWS,1.88,,0,SCREWS,66,60000,106.5,800000,1,0,0,33.33,1.88,2.53,0,0,60000,800000,13
BOLTS,8,1080,"18:00:00",BOLTS,1,SCREWS,1.84,,0,SCREWS,91,60000,108.75,800000,1.33,0,0,33.33,2.45,2.72,0,0,60000,1066666.67,13
BOLTS,9,720,"12:00:00",BOLTS,1,SCREWS,1.79,,0,SCREWS,127,60000,111.5,800000,2,0,0,50,3.59,3,0,0,60000,1600000,13
BOLTS,10,480,"8:00:00",BOLTS,1,SCREWS,1.74,,0,SCREWS,175,60000,115,800000,3,0,0,50,5.22,3,0,0,60000,2400000,13
BOOK,1,120,"2:00:00",BOOK,1,DUST,3,COPPER,2,COPPER,2,500,100,1000,12,0,0,0,36,0,24,24,500,12000,2
BOOK,2,120,"2:00:00",BOOK,2,DUST,6,COPPER,4,COPPER,5,1000,100,1000,24,1,0,100,72,0,48,88.8,500,24000,2
BOOK,3,120,"2:00:00",BOOK,3,DUST,9,COPPER,6,COPPER,8,1500,100,1000,36,1,0,50,108,0,72,106.8,500,36000,2
BOOK,4,135,"2:15:00",BOOK,4,DUST,12,COPPER,8,COPPER,10,2000,100,1000,42.67,1,0,18.52,128,0,85.33,106.8,500,42666.67,2
BOOK,5,135,"2:15:00",BOOK,5,DUST,15,COPPER,10,STEEL,3,2500,100,1000,53.33,1,0,25,160,0,106.67,123.6,500,53333.33,2
BOOK,6,135,"2:15:00",BOOK,6,DUST,18,COPPER,12,STEEL,5,3000,100,1000,64,1,0,20,192,0,128,139.92,500,64000,2
BOOK,7,150,"2:30:00",BOOK,7,DUST,21,COPPER,14,STEEL,8,3500,100,1000,67.2,1,0,5,201.6,0,134.4,155.52,500,67200,2
BOOK,8,150,"2:30:00",BOOK,8,DUST,24,COPPER,16,STEEL,10,4000,100,1000,76.8,1,0,14.29,230.4,0,153.6,170.64,500,76800,2
BOOK,9,165,"2:45:00",BOOK,9,DUST,27,COPPER,18,STEEL,15,4500,100,1000,78.55,1,0,2.27,235.64,0,157.09,198.96,500,78545.45,2
BOOK,10,165,"2:45:00",BOOK,10,DUST,30,COPPER,20,STEEL,20,5000,100,1000,87.27,1,0,11.11,261.82,0,174.55,212.16,500,87272.73,2
BOOK,11,180,"3:00:00",BOOK,11,DUST,33,COPPER,22,SCREWS,7,5500,100,1000,88,1,0,0.83,264,0,176,212.16,500,88000,2
BOOK,12,180,"3:00:00",BOOK,12,DUST,36,COPPER,24,SCREWS,10,6000,100,1000,96,1,0,9.09,288,0,192,236.88,500,96000,2
BOOK,13,190,"3:10:00",BOOK,13,DUST,39,COPPER,26,SCREWS,13,6500,100,1000,98.53,1,0,2.63,295.58,0,197.05,259.44,500,98526.32,2
BOOK,14,200,"3:20:00",BOOK,14,DUST,42,COPPER,28,SCREWS,15,7000,100,1000,100.8,1,0,2.31,302.4,0,201.6,270,500,100800,2
BOOK,15,210,"3:30:00",BOOK,15,DUST,45,COPPER,30,SCREWS,18,7500,100,1000,102.86,1,0,2.04,308.57,0,205.71,280.08,500,102857.14,2
BOOK,16,220,"3:40:00",BOOK,16,DUST,48,COPPER,32,SCREWS,20,8000,100,1000,104.73,1,0,1.82,314.18,0,209.45,280.08,500,104727.27,2
BOOK,17,240,"4:00:00",BOOK,18,DUST,54,COPPER,36,SCREWS,23,9000,100,1000,108,2,0,3.13,324,0,216,289.68,500,108000,2
BOOK,18,260,"4:20:00",BOOK,20,DUST,60,COPPER,40,SCREWS,27,10000,100,1000,110.77,2,0,2.56,332.31,0,221.54,299.04,500,110769.23,2
BOOK,19,280,"4:40:00",BOOK,22,DUST,66,COPPER,44,SCREWS,32,11000,100,1000,113.14,2,0,2.14,339.43,0,226.29,308.16,500,113142.86,2
BOOK,20,300,"5:00:00",BOOK,24,DUST,72,COPPER,48,SCREWS,38,12000,100,1000,115.2,2,0,1.82,345.6,0,230.4,317.04,500,115200,2
BOOK,21,315,"5:15:00",BOOK,26,DUST,78,COPPER,52,SCREWS,45,13000,100,1000,118.86,2,0,3.17,356.57,0,237.71,325.68,500,118857.14,2
BOOK,22,330,"5:30:00",BOOK,28,DUST,84,COPPER,56,SCREWS,54,14000,100,1000,122.18,2,0,2.8,366.55,0,244.36,342.48,500,122181.82,2
BOOK,23,345,"5:45:00",BOOK,30,DUST,90,COPPER,60,SCREWS,62,15000,100,1000,125.22,2,0,2.48,375.65,0,250.43,342.48,500,125217.39,2
BOOK,24,360,"6:00:00",BOOK,32,DUST,96,COPPER,64,SCREWS,70,16000,100,1000,128,2,0,2.22,384,0,256,350.64,500,128000,2
BOOK,25,380,"6:20:00",BOOK,35,DUST,105,COPPER,70,SCREWS,80,17500,100,1000,132.63,3,0,3.62,397.89,0,265.26,358.8,500,132631.58,2
BOOK,26,400,"6:40:00",BOOK,38,DUST,114,COPPER,76,SCREWS,95,19000,100,1000,136.8,3,0,3.14,410.4,0,273.6,366.72,500,136800,2
BOOK,27,420,"7:00:00",BOOK,41,DUST,123,COPPER,82,SCREWS,110,20500,100,1000,140.57,3,0,2.76,421.71,0,281.14,374.4,500,140571.43,2
BOOK,28,440,"7:20:00",BOOK,44,DUST,132,COPPER,88,SCREWS,125,22000,100,1000,144,3,0,2.44,432,0,288,381,500,144000,2
BOOK,29,460,"7:40:00",BOOK,47,DUST,141,COPPER,94,SCREWS,150,23500,100,1000,147.13,3,0,2.17,441.39,0,294.26,381,500,147130.43,2
BOOK,30,480,"8:00:00",BOOK,50,DUST,150,COPPER,100,SCREWS,200,25000,100,1000,150,3,0,1.95,450,0,300,381,500,150000,2
BRICK,1,1,"0:01:00",BRICK,1,CLAY,50,BEAM,3,SCREWS,5,100,100,5,1440,0,0,0,72000,2880,4320,1440,100,7200,0
CEMENT,1,3840,"64:00:00",CEMENT,1,CERAMICS,10,STONE,3,CERAMICS,1,176250,100,2000000,0.37,0,0,0,3.75,2.4,1.12,0.86,176250,749999.91,11
CEMENT,2,3120,"52:00:00",CEMENT,1,CERAMICS,9.9,STONE,2.97,SCREWS,8,176250,101,2000000,0.46,0,0,23.08,4.57,5.88,1.37,1.26,176250,923076.78,11
CEMENT,3,2700,"45:00:00",CEMENT,1,CERAMICS,9.8,STONE,2.94,SCREWS,9,176250,102,2000000,0.53,0,0,15.56,5.23,5.88,1.57,1.26,176250,1066666.67,11
CEMENT,4,2340,"39:00:00",CEMENT,1,CERAMICS,9.71,STONE,2.91,SCREWS,10,176250,103,2000000,0.62,0,0,15.38,5.97,6.55,1.79,1.37,176250,1230769.23,11
CEMENT,5,2040,"34:00:00",CEMENT,1,CERAMICS,9.62,STONE,2.88,CERAMICS,53,176250,104,2000000,0.71,0,0,14.71,6.79,6.62,2.04,1.37,176250,1411764.37,11
CEMENT,6,1800,"30:00:00",CEMENT,1,CERAMICS,9.52,STONE,2.86,CERAMICS,63,176250,105,2000000,0.8,0,0,13.33,7.62,6.62,2.29,1.5,176250,1600000,11
CEMENT,7,1620,"27:00:00",CEMENT,1,CERAMICS,9.43,STONE,2.83,STONE,26,176250,106,2000000,0.89,0,0,11.11,8.39,7.38,2.52,1.66,176250,1777777.78,11
CEMENT,8,1440,"24:00:00",CEMENT,1,CERAMICS,9.35,STONE,2.8,STONE,33,176250,107,2000000,1,0,0,12.5,9.35,8.17,2.8,1.85,176250,2000000,11
CEMENT,9,1260,"21:00:00",CEMENT,1,CERAMICS,9.26,STONE,2.78,STONE,42,176250,108,2000000,1.14,0,0,14.29,10.58,8.93,3.17,1.85,176250,2285714.29,11
CEMENT,10,1080,"18:00:00",CEMENT,1,CERAMICS,9.17,STONE,2.75,CEMENT,9,176250,109,2000000,1.33,0,0,16.67,12.23,9.6,3.67,2.67,176250,2666666.67,11
CEMENT,11,900,"15:00:00",CEMENT,1,CERAMICS,9.09,STONE,2.73,CEMENT,12,176250,110,2000000,1.6,0,0,20,14.55,10.91,4.36,3.31,176250,3200000,11
CEMENT,12,750,"12:30:00",CEMENT,1,CERAMICS,9.01,STONE,2.7,ACID,33,176250,111,2000000,1.92,0,0,20,17.3,12.31,5.19,3.31,176250,3840002.46,11
CEMENT,13,630,"10:30:00",CEMENT,1,CERAMICS,8.93,STONE,2.68,ACID,45,176250,112,2000000,2.29,0,0,19.05,20.41,13.71,6.12,4.36,176250,4571428.57,11
CEMENT,14,540,"9:00:00",CEMENT,1,CERAMICS,8.85,STONE,2.65,PLASTICS,7,176250,113,2000000,2.67,0,0,16.67,23.6,15,7.08,6,176250,5333333.33,11
CEMENT,15,480,"8:00:00",CEMENT,1,CERAMICS,8.7,STONE,2.61,PLASTICS,10,176250,115,2000000,3,0,0,12.5,26.09,18,7.83,9,176250,6000006,11
CERAMICKEY,1,11520,"192:00:00",CERAMICKEY,1,KEY,2,CERAMICS,8,CERAMICS,1,350000,100,1350000,0.13,0,0,0,0.25,0.2,1,2.4,350000,168750,4
CERAMICKEY,2,7500,"125:00:00",CERAMICKEY,1,KEY,1.97,CERAMICS,7.87,SCREWS,20,350000,101.6,1350000,0.19,0,0,53.6,0.38,0.34,1.51,8.17,350000,259200,4
CERAMICKEY,3,4920,"82:00:00",CERAMICKEY,1,KEY,1.92,CERAMICS,7.67,SCREWS,30,350000,104.3,1350000,0.29,0,0,52.44,0.56,0.51,2.24,8.93,350000,395121.95,4
CERAMICKEY,4,3000,"50:00:00",CERAMICKEY,1,KEY,1.85,CERAMICS,7.38,SCREWS,70,350000,108.4,1350000,0.48,0,0,64,0.89,0.86,3.54,12.31,350000,648000,4
CERAMICKEY,5,1440,"24:00:00",CERAMICKEY,1,KEY,1.74,CERAMICS,6.96,SCREWS,200,350000,115,1350000,1,0,0,108.33,1.74,2,6.96,18,350000,1350000,4
CERAMICS,1,600,"10:00:00",CERAMICS,1,CLAY,300,SEAWATER,3,SEAWATER,1,11120,100,40000,2.4,0,0,0,720,2880,7.2,12,11120,95999.92,4
CERAMICS,2,960,"16:00:00",CERAMICS,2,CLAY,593.77,SEAWATER,5.94,STEEL,3,22180,101.05,40000,3,1,0,25,890.65,20736,8.91,12,11090,119999.94,4
CERAMICS,3,840,"14:00:00",CERAMICS,2,CLAY,587.89,SEAWATER,5.88,STEEL,5,22180,102.06,40000,3.43,0,0,14.29,1007.81,21312,10.08,24,11090,137142.94,4
CERAMICS,4,750,"12:30:00",CERAMICS,2,CLAY,582.3,SEAWATER,5.82,STEEL,8,22180,103.04,40000,3.84,0,0,12,1118.01,22320,11.18,32,11090,153600.1,4
CERAMICS,5,1050,"17:30:00",CERAMICS,3,CLAY,865.63,SEAWATER,8.66,SCREWS,4,32940,103.97,40000,4.11,1,0,7.14,1187.16,23208,11.87,38.4,10980,164571.35,4
CERAMICS,6,930,"15:30:00",CERAMICS,3,CLAY,858.12,SEAWATER,8.58,SCREWS,5,32940,104.88,40000,4.65,0,0,12.9,1328.71,23616,13.29,41.14,10980,185806.55,4
CERAMICS,7,825,"13:45:00",CERAMICS,3,CLAY,851.06,SEAWATER,8.51,SCREWS,7,32940,105.75,40000,5.24,0,0,12.73,1485.49,24360,14.86,43.64,10980,209454.42,4
CERAMICS,8,735,"12:15:00",CERAMICS,3,CLAY,844.36,SEAWATER,8.44,SCREWS,9,32940,106.59,40000,5.88,0,0,12.24,1654.25,24708,16.54,48,10980,235101.89,4
CERAMICS,9,660,"11:00:00",CERAMICS,3,CLAY,837.91,SEAWATER,8.38,SCREWS,11,32940,107.41,40000,6.55,0,0,11.36,1828.17,25044,18.28,50.53,10980,261818.37,4
CERAMICS,10,870,"14:30:00",CERAMICS,4,CLAY,1109.06,SEAWATER,11.09,CERAMICS,66,43600,108.2,40000,6.62,1,0,1.15,1835.68,25680,18.36,52.36,10900,264827.44,4
CERAMICS,11,780,"13:00:00",CERAMICS,4,CLAY,1101.22,SEAWATER,11.01,CERAMICS,84,43600,108.97,40000,7.38,0,0,11.54,2033.02,26268,20.33,56.47,10900,295384.43,4
CERAMICS,12,705,"11:45:00",CERAMICS,4,CLAY,1093.79,SEAWATER,10.94,CERAMICS,107,43600,109.71,40000,8.17,0,0,10.64,2234.13,26544,22.34,60,10900,326808.73,4
CERAMICS,13,645,"10:45:00",CERAMICS,4,CLAY,1086.56,SEAWATER,10.87,STONE,45,43600,110.44,40000,8.93,0,0,9.3,2425.81,27060,24.26,65.81,10900,357209.04,4
CERAMICS,14,600,"10:00:00",CERAMICS,4,CLAY,1079.72,SEAWATER,10.8,STONE,57,43600,111.14,40000,9.6,0,0,7.5,2591.32,27300,25.91,68.87,10900,383999.69,4
CERAMICS,15,750,"12:30:00",CERAMICS,5,CLAY,1341.32,SEAWATER,13.41,CEMENT,11,54500,111.83,40000,9.6,1,0,0,2575.34,27744,25.75,71.72,10900,384000.25,4
CERAMICS,16,660,"11:00:00",CERAMICS,5,CLAY,1333.45,SEAWATER,13.33,CEMENT,14,54500,112.49,40000,10.91,0,0,13.64,2909.35,27948,29.09,77.14,10900,436363.95,4
CERAMICS,17,585,"9:45:00",CERAMICS,5,CLAY,1325.79,SEAWATER,13.26,ACID,38,54500,113.14,40000,12.31,0,0,12.82,3263.49,28320,32.64,80,10900,492307.69,4
CERAMICS,18,525,"8:45:00",CERAMICS,5,CLAY,1318.33,SEAWATER,13.18,ACID,48,54500,113.78,40000,13.71,0,0,11.43,3616,28488,36.16,85.04,10900,548571.93,4
CERAMICS,19,480,"8:00:00",CERAMICS,5,CLAY,1311.19,SEAWATER,13.11,ACID,60,54500,114.4,40000,15,0,0,9.38,3933.57,28650.79,39.34,87.45,10900,600000.6,4
CERAMICS,20,480,"8:00:00",CERAMICS,6,CLAY,1565.22,SEAWATER,15.65,PLASTICS,9,63000,115,40000,18,1,0,20,4695.66,28650.79,46.96,90,10500,720000.72,4
CLAY,1,0.5,"0:00:30",CLAY,1,MUD,10,,0,MUD,5,0,100,25,2880,0,0,0,28800,8640,0,0,0,72000,0
CLAY,2,0.5,"0:00:30",CLAY,2,MUD,20,,0,CLAY,1,0,100,25,5760,1,0,100,57600,33120,0,0,0,144000,0
CLAY,3,0.883333,"0:00:53",CLAY,5,MUD,50,,0,SAND,5,4,100,25,8160,3,0,41.67,81600,53280,0,0,0.8,204000,31
CLAY,4,1.433333,"0:01:26",CLAY,10,MUD,100,,0,SAND,8,8,100,25,10080,5,0,23.53,100800,59280,0,0,0.8,252000,31
CLAY,5,5,"0:05:00",CLAY,40,MUD,400,,0,SAND,10,32,100,25,11520,30,0,14.29,115200,59280,0,0,0.8,288000,31
CLAY,6,11.216667,"0:11:13",CLAY,100,MUD,1000,,0,SAND,15,80,100,25,12840,60,0,11.46,128400,59280,0,0,0.8,321000,31
CLAY,7,20.516667,"0:20:31",CLAY,200,MUD,2000,,0,SAND,20,160,100,25,14040,100,0,9.35,140400,59280,0,0,0.8,351000,31
CLAY,8,30,"0:30:00",CLAY,315,MUD,3150,,0,SAND,28,252,100,25,15120,115,0,7.69,151200,65040,0,0,0.8,378000,31
CLAY,9,40,"0:40:00",CLAY,448,MUD,4480,,0,COPPER,1,359,100,25,16128,133,0,6.67,161280,65040,0,0,0.8013,403200,31
CLAY,10,55.016667,"0:55:01",CLAY,652,MUD,6520,,0,COPPER,2,522,100,25,17064,204,0,5.8,170640,75840,0,0,0.8006,426600,31
CLAY,11,65.066667,"1:05:04",CLAY,810,MUD,8100,,0,COPPER,3,648,100,25,17928,158,0,5.06,179280,80880,0,0,0.8,448200,31
CLAY,12,75,"1:15:00",CLAY,975,MUD,9750,,0,COPPER,5,780,100,25,18720,165,0,4.42,187200,85680,0,0,0.8,468000,31
CLAY,13,85.033333,"1:25:02",CLAY,1148,MUD,11480,,0,COPPER,9,919,100,25,19440,173,0,3.85,194400,94560,0,0,0.8005,486000,31
CLAY,14,94.933333,"1:34:56",CLAY,1326,MUD,13260,,0,COPPER,14,1061,100,25,20112,178,0,3.46,201120,98640,0,0,0.8002,502800,31
CLAY,15,105,"1:45:00",CLAY,1512,MUD,15120,,0,COPPER,19,1210,100,25,20736,186,0,3.1,207360,102480,0,0,0.8003,518400,31
CLAY,16,115,"1:55:00",CLAY,1702,MUD,17020,,0,COPPER,26,1362,100,25,21312,190,0,2.78,213120,106065,0,0,0.8002,532800,31
CLAY,17,123.95,"2:03:57",CLAY,1880,MUD,18800,,0,COPPER,33,1504,100,25,21840,178,0,2.48,218400,109440,0,0,0.8,546000,31
CLAY,18,132.45,"2:12:27",CLAY,2053,MUD,20530,,0,COPPER,42,1643,100,25,22320,173,0,2.2,223200,115440,0,0,0.8003,558000,31
CLAY,19,139.533333,"2:19:32",CLAY,2207,MUD,22070,,0,COPPER,52,1766,100,25,22776,154,0,2.04,227760,118200,0,0,0.8002,569400,31
CLAY,20,146,"2:26:00",CLAY,2353,MUD,23530,,0,STEEL,13,1883,100,25,23208,146,0,1.9,232080,120840,0,0,0.8003,580200,31
CLAY,21,153.05,"2:33:03",CLAY,2510,MUD,25100,,0,STEEL,15,2008,100,25,23616,157,0,1.76,236160,123360,0,0,0.8,590400,31
CLAY,22,159.6,"2:39:36",CLAY,2660,MUD,26600,,0,STEEL,19,2128,100,25,24000,150,0,1.63,240000,128088,0,0,0.8,600000,31
CLAY,23,165.516667,"2:45:31",CLAY,2800,MUD,28000,,0,STEEL,22,2240,100,25,24360,140,0,1.5,243600,130344,0,0,0.8,609000,31
CLAY,24,171.35,"2:51:21",CLAY,2940,MUD,29400,,0,STEEL,27,2352,100,25,24708,140,0,1.43,247080,132528,0,0,0.8,617700,31
CLAY,25,176.816667,"2:56:49",CLAY,3075,MUD,30750,,0,STEEL,32,2460,100,25,25044,135,0,1.36,250440,136752,0,0,0.8,626100,31
CLAY,26,181.933333,"3:01:56",CLAY,3205,MUD,32050,,0,STEEL,37,2564,100,25,25368,130,0,1.29,253680,138792,0,0,0.8,634200,31
CLAY,27,187.016667,"3:07:01",CLAY,3335,MUD,33350,,0,STEEL,44,2668,100,25,25680,130,0,1.23,256800,140784,0,0,0.8,642000,31
CLAY,28,191.783333,"3:11:47",CLAY,3460,MUD,34600,,0,STEEL,52,2768,100,25,25980,125,0,1.17,259800,142728,0,0,0.8,649500,31
CLAY,29,196.533333,"3:16:32",CLAY,3585,MUD,35850,,0,STEEL,61,2868,100,25,26268,125,0,1.11,262680,146472,0,0,0.8,656700,31
CLAY,30,201,"3:21:00",CLAY,3705,MUD,37050,,0,STEEL,71,2964,100,25,26544,120,0,1.05,265440,148272,0,0,0.8,663600,31
CLAY,31,205.2,"3:25:12",CLAY,3820,MUD,38200,,0,STEEL,83,3056,100,25,26808,115,0,0.99,268080,150024,0,0,0.8,670200,31
CLAY,32,209.4,"3:29:24",CLAY,3935,MUD,39350,,0,STEEL,98,3148,100,25,27060,115,0,0.94,270600,153408,0,0,0.8,676500,31
CLAY,33,213.633333,"3:33:38",CLAY,4050,MUD,40500,,0,SCREWS,38,3240,100,25,27300,115,0,0.89,273000,155064,0,0,0.8,682500,31
CLAY,34,217.616667,"3:37:37",CLAY,4160,MUD,41600,,0,SCREWS,44,3328,100,25,27528,110,0,0.84,275280,156696,0,0,0.8,688200,31
CLAY,35,221.366667,"3:41:22",CLAY,4265,MUD,42650,,0,SCREWS,52,3412,100,25,27744,105,0,0.78,277440,159888,0,0,0.8,693600,31
CLAY,36,225.166667,"3:45:10",CLAY,4370,MUD,43700,,0,SCREWS,60,3496,100,25,27948,105,0,0.74,279480,161448,0,0,0.8,698700,31
CLAY,37,229,"3:49:00",CLAY,4475,MUD,44750,,0,SCREWS,70,3580,100,25,28140,105,0,0.69,281400,162984,0,0,0.8,703500,31
CLAY,38,232.633333,"3:52:38",CLAY,4575,MUD,45750,,0,SCREWS,82,3660,100,25,28320,100,0,0.64,283200,164496,0,0,0.8,708000,31
CLAY,39,236.316667,"3:56:19",CLAY,4675,MUD,46750,,0,SCREWS,100,3740,100,25,28488,100,0,0.59,284880,167448,0,0,0.8,712200,31
CLAY,40,240,"4:00:00",CLAY,4775,MUD,47750,,0,SCREWS,150,3820,100,25,28650.79,100,0,0.57,286507.93,170304,0,0,0.8,716269.82,31
COPPER,1,60,"1:00:00",COPPER,1,SAND,30,,0,SAND,5,250,100,2000,24,0,0,0,720,720,0,0,250,48000,8
COPPER,2,60,"1:00:00",COPPER,2,SAND,60,,0,COPPER,1,480,100,2000,48,1,0,100,1440,4104,0,0,240,96000,8
COPPER,3,82.766667,"1:22:46",COPPER,4,SAND,120,,0,COPPER,2,923,100,2000,69.6,2,0,45,2088,4560,0,0,230.75,139200,9
COPPER,4,113.516667,"1:53:31",COPPER,7,SAND,210,,0,COPPER,5,1560,100,2000,88.8,3,0,27.59,2664,5400,0,0,222.8571,177600,9
COPPER,5,161.8,"2:41:48",COPPER,12,SAND,360,,0,COPPER,12,2590,100,2000,106.8,5,0,20.27,3204,6144,0,0,215.8333,213600,9
COPPER,6,209.716667,"3:29:43",COPPER,18,SAND,540,,0,COPPER,20,3772,100,2000,123.6,6,0,15.73,3708,6492,0,0,209.5556,247200,10
COPPER,7,257.283333,"4:17:17",COPPER,25,SAND,750,,0,COPPER,29,5097,100,2000,139.92,7,0,13.2,4197.6,6828,0,0,203.88,279840,10
COPPER,8,296.3,"4:56:18",COPPER,32,SAND,960,,0,COPPER,40,6357,100,2000,155.52,7,0,11.15,4665.6,7464,0,0,198.6563,311040,10
COPPER,9,329.116667,"5:29:07",COPPER,39,SAND,1170,,0,COPPER,52,7559,100,2000,170.64,7,0,9.72,5119.2,7764,0,0,193.8205,341280,10
COPPER,10,350.2,"5:50:12",COPPER,45,SAND,1350,,0,COPPER,66,8521,100,2000,185.04,6,0,8.44,5551.2,8058,0,0,189.3556,370080,11
COPPER,11,361.883333,"6:01:53",COPPER,50,SAND,1500,,0,COPPER,83,9258,100,2000,198.96,5,0,7.52,5968.8,8346,0,0,185.16,397920,11
COPPER,12,373.3,"6:13:18",COPPER,55,SAND,1650,,0,COPPER,102,9969,100,2000,212.16,5,0,6.63,6364.8,8628,0,0,181.2545,424320,11
COPPER,13,384.2,"6:24:12",COPPER,60,SAND,1800,,0,STEEL,25,10654,100,2000,224.88,5,0,6,6746.4,8904,0,0,177.5667,449760,11
COPPER,14,395.133333,"6:35:08",COPPER,65,SAND,1950,,0,STEEL,30,11315,100,2000,236.88,5,0,5.34,7106.4,9174,0,0,174.0769,473760,11
COPPER,15,405.8,"6:45:48",COPPER,70,SAND,2100,,0,STEEL,36,11954,100,2000,248.4,5,0,4.86,7452,9438,0,0,170.7714,496800,12
COPPER,16,416.283333,"6:56:17",COPPER,75,SAND,2250,,0,STEEL,42,12573,100,2000,259.44,5,0,4.44,7783.2,9696,0,0,167.64,518880,12
COPPER,17,421.333333,"7:01:20",COPPER,79,SAND,2370,,0,STEEL,50,13008,100,2000,270,4,0,4.07,8100,9948,0,0,164.6582,540000,12
COPPER,18,426.733333,"7:06:44",COPPER,83,SAND,2490,,0,STEEL,59,13430,100,2000,280.08,4,0,3.73,8402.4,10194,0,0,161.8072,560160,12
COPPER,19,432.483333,"7:12:29",COPPER,87,SAND,2610,,0,STEEL,70,13840,100,2000,289.68,4,0,3.43,8690.4,10434,0,0,159.0805,579360,13
COPPER,20,438.2,"7:18:12",COPPER,91,SAND,2730,,0,STEEL,82,14239,100,2000,299.04,4,0,3.23,8971.2,10668,0,0,156.4725,598080,13
COPPER,21,443.933333,"7:23:56",COPPER,95,SAND,2850,,0,STEEL,95,14626,100,2000,308.16,4,0,3.05,9244.8,10896,0,0,153.9579,616320,13
COPPER,22,449.666667,"7:29:40",COPPER,99,SAND,2970,,0,SCREWS,37,15003,100,2000,317.04,4,0,2.88,9511.2,10896,0,0,151.5455,634080,13
COPPER,23,455.416667,"7:35:25",COPPER,103,SAND,3090,,0,SCREWS,43,15370,100,2000,325.68,4,0,2.73,9770.4,11118,0,0,149.2233,651360,13
COPPER,24,461.2,"7:41:12",COPPER,107,SAND,3210,,0,SCREWS,50,15727,100,2000,334.08,4,0,2.58,10022.4,11334,0,0,146.9813,668160,14
COPPER,25,466.716667,"7:46:43",COPPER,111,SAND,3330,,0,SCREWS,59,16075,100,2000,342.48,4,0,2.51,10274.4,11544,0,0,144.8198,684960,14
COPPER,26,472.283333,"7:52:17",COPPER,115,SAND,3450,,0,SCREWS,68,16414,100,2000,350.64,4,0,2.38,10519.2,11748,0,0,142.7304,701280,14
COPPER,27,473.583333,"7:53:35",COPPER,118,SAND,3540,,0,SCREWS,79,16604,100,2000,358.8,3,0,2.33,10764,11946,0,0,140.7119,717600,14
COPPER,28,475.133333,"7:55:08",COPPER,121,SAND,3630,,0,SCREWS,95,16789,100,2000,366.72,3,0,2.21,11001.6,11946,0,0,138.7521,733440,14
COPPER,29,476.916667,"7:56:55",COPPER,124,SAND,3720,,0,SCREWS,115,16969,100,2000,374.4,3,0,2.09,11232,12140,0,0,136.8468,748800,15
COPPER,30,480,"8:00:00",COPPER,127,SAND,3810,,0,SCREWS,150,17145,100,2000,381,3,0,1.76,11430,12140,0,0,135,762000,15
DIPLOMA,1,960,"16:00:00",DIPLOMA,1,ARTICLE,5,STEEL,6,SCREWS,1,2500,100,150000,1.5,0,0,0,7.5,6,9,2,2500,225000,60
DIPLOMA,2,840,"14:00:00",DIPLOMA,1,ARTICLE,5,STEEL,6,SCREWS,5,2500,100,150000,1.71,0,0,14.29,8.57,14.4,10.29,2.44,2500,257142.86,60
DIPLOMA,3,750,"12:30:00",DIPLOMA,1,ARTICLE,5,STEEL,6,SCREWS,18,2500,100,150000,1.92,0,0,12,9.6,29.54,11.52,2.71,2500,288000,60
DIPLOMA,4,690,"11:30:00",DIPLOMA,1,ARTICLE,5,STEEL,6,SCREWS,38,2500,100,150000,2.09,0,0,8.7,10.43,34.29,12.52,2.81,2500,313043.48,60
DIPLOMA,5,630,"10:30:00",DIPLOMA,2,ARTICLE,10,STEEL,12,SCREWS,65,5000,100,150000,4.57,1,0,119.05,22.86,38.4,27.43,2.91,2500,685714.29,60
DIPLOMA,6,600,"10:00:00",DIPLOMA,2,ARTICLE,10,STEEL,12,SCREWS,100,5000,100,150000,4.8,0,0,5,24,45,28.8,2.94,2500,720000,60
DIPLOMA,7,540,"9:00:00",DIPLOMA,2,ARTICLE,10,STEEL,12,SCREWS,135,5000,100,150000,5.33,0,0,11.11,26.67,54,32,3,2500,800000,60
DIPLOMA,8,510,"8:30:00",DIPLOMA,3,ARTICLE,15,STEEL,18,SCREWS,185,7500,100,150000,8.47,1,0,58.82,42.35,54,50.82,3,2500,1270588.24,60
DIPLOMA,9,480,"8:00:00",DIPLOMA,3,ARTICLE,15,STEEL,18,SCREWS,240,7500,100,150000,9,0,0,6.25,45,54,54,3,2500,1350000,60
DIPLOMA,10,480,"8:00:00",DIPLOMA,4,ARTICLE,20,STEEL,24,SCREWS,300,10000,100,150000,12,1,0,33.33,60,54,72,3,2500,1800000,60
DYNAMITE,1,20160,"336:00:00",DYNAMITE,1,FIBERGLASS,3,PLASTICS,2,PLASTICS,1,1000000,100,20000000,0.07,0,0,0,0.21,0.13,0.14,0.14,1000000,1428571.43,20
DYNAMITE,2,11520,"192:00:00",DYNAMITE,1,FIBERGLASS,2.91,PLASTICS,1.94,SCREWS,20,1000000,103,20000000,0.13,0,0,75,0.36,0.37,0.24,0.37,1000000,2500000,20
DYNAMITE,3,5760,"96:00:00",DYNAMITE,1,FIBERGLASS,2.83,PLASTICS,1.89,SCREWS,30,1000000,106,20000000,0.25,0,0,100,0.71,0.67,0.47,0.67,1000000,5000000,20
DYNAMITE,4,2880,"48:00:00",DYNAMITE,1,FIBERGLASS,2.73,PLASTICS,1.82,SCREWS,70,1000000,110,20000000,0.5,0,0,100,1.36,1.09,0.91,1.09,1000000,10000000,20
DYNAMITE,5,1440,"24:00:00",DYNAMITE,1,FIBERGLASS,2.61,PLASTICS,1.74,SCREWS,200,1000000,115,20000000,1,0,0,100,2.61,2,1.74,2,1000000,20000000,20
DYNOKEY,1,20160,"336:00:00",DYNOKEY,1,CERAMICKEY,3,GLASSKEY,2,GLASSKEY,1,750000,100,3000000,0.07,0,0,0,0.21,0.13,0.14,0.1,750000,214285.71,4
DYNOKEY,2,12660,"211:00:00",DYNOKEY,1,CERAMICKEY,2.91,GLASSKEY,1.94,SCREWS,30,750000,103,3000000,0.11,0,0,59.24,0.33,0.29,0.22,0.25,750000,341232.23,4
DYNOKEY,3,8040,"134:00:00",DYNOKEY,1,CERAMICKEY,2.83,GLASSKEY,1.89,SCREWS,45,750000,106,3000000,0.18,0,0,57.46,0.51,0.48,0.34,0.43,750000,537313.43,4
DYNOKEY,4,4740,"79:00:00",DYNOKEY,1,CERAMICKEY,2.73,GLASSKEY,1.82,SCREWS,105,750000,110,3000000,0.3,0,0,69.62,0.83,1,0.55,1,750000,911392.41,4
DYNOKEY,5,2160,"36:00:00",DYNOKEY,1,CERAMICKEY,2.61,GLASSKEY,1.74,SCREWS,300,750000,115,3000000,0.67,0,0,119.44,1.74,1,1.16,1,750000,2000000,4
DYNONEST,1,2160,"36:00:00",DYNONEST,1,WETNEST,3,WARMNEST,2,SCREWS,10,50000,100,500000,0.67,0,0,0,2,1,1.33,0.86,50000,333333.33,10
DYNONEST,2,1680,"28:00:00",DYNONEST,1,WETNEST,3,WARMNEST,2,SCREWS,7,50000,100,500000,0.86,0,0,28.57,2.57,1.5,1.71,1.3,50000,428571.43,10
DYNONEST,3,1320,"22:00:00",DYNONEST,1,WETNEST,3,WARMNEST,2,SCREWS,15,50000,100,500000,1.09,0,0,27.27,3.27,2,2.18,1.6,50000,545454.55,10
DYNONEST,4,1080,"18:00:00",DYNONEST,1,WETNEST,3,WARMNEST,2,SCREWS,32,50000,100,500000,1.33,0,0,22.22,4,2.18,2.67,2,50000,666666.67,10
DYNONEST,5,900,"15:00:00",DYNONEST,1,WETNEST,3,WARMNEST,2,SCREWS,60,50000,100,500000,1.6,0,0,20,4.8,5.33,3.2,4.8,50000,800000,10
DYNONEST,6,720,"12:00:00",DYNONEST,1,WETNEST,3,WARMNEST,2,SCREWS,95,50000,100,500000,2,0,0,25,6,5.82,4,5.65,50000,1000000,10
DYNONEST,7,600,"10:00:00",DYNONEST,1,WETNEST,3,WARMNEST,2,SCREWS,135,50000,100,500000,2.4,0,0,20,7.2,9,4.8,5.82,50000,1200000,10
DYNONEST,8,540,"9:00:00",DYNONEST,1,WETNEST,3,WARMNEST,2,SCREWS,182,50000,100,500000,2.67,0,0,11.11,8,12,5.33,9,50000,1333333.33,10
DYNONEST,9,480,"8:00:00",DYNONEST,1,WETNEST,3,WARMNEST,2,SCREWS,225,50000,100,500000,3,0,0,12.5,9,12,6,12,50000,1500000,10
DYNONEST,10,480,"8:00:00",DYNONEST,2,WETNEST,6,WARMNEST,4,SCREWS,300,100000,100,500000,6,1,0,100,18,12,12,12,50000,3000000,10
EARTH,1,0,"0",EARTH,5,,0,,0,,0,0,100,0,28800,0,0,0,0,0,0,0,0,0,0
EARTH,2,0.25,"0:00:15",EARTH,10,,0,,0,MUD,4,0,100,0,57600,5,0,100,0,0,0,0,0,0,0
EARTH,3,0.25,"0:00:15",EARTH,15,,0,,0,MUD,8,0,100,0,86400,5,0,50,0,0,0,0,0,0,0
EARTH,4,0.516667,"0:00:31",EARTH,40,,0,,0,MUD,12,0,100,0,110400,25,0,27.78,0,0,0,0,0,0,0
EARTH,5,1,"0:01:00",EARTH,90,,0,,0,MUD,20,0,100,0,129600,50,0,17.39,0,0,0,0,0,0,0
EARTH,6,2,"0:02:00",EARTH,216,,0,,0,CLAY,3,0,100,0,156000,126,0,20.37,0,0,0,0,0,0,0
EARTH,7,5,"0:05:00",EARTH,625,,0,,0,SAND,1,0,100,0,180000,409,0,15.38,0,0,0,0,0,0,0
EARTH,8,60,"1:00:00",EARTH,9000,,0,,0,SAND,3,1,100,0,216000,8375,0,20,0,0,0,0,0,0,0
EARTH,9,60,"1:00:00",EARTH,11000,,0,,0,SAND,7,2,100,0,264000,2000,0,22.22,0,0,0,0,0,0,0
EARTH,10,60,"1:00:00",EARTH,13000,,0,,0,SAND,15,2,100,0,312000,2000,0,18.18,0,0,0,0,0,0,0
EARTH,11,60,"1:00:00",EARTH,15000,,0,,0,SAND,25,2,100,0,360000,2000,0,15.38,0,0,0,0,0,0,0
EARTH,12,75,"1:15:00",EARTH,18750,,0,,0,SAND,40,3,100,0,360000,3750,0,0,0,0,0,0,0,0,0
EARTH,13,90,"1:30:00",EARTH,22500,,0,,0,SAND,60,3,100,0,360000,3750,0,0,0,0,0,0,0,0,0
EARTH,14,100,"1:40:00",EARTH,25000,,0,,0,COPPER,3,3,100,0,360000,2500,0,0,0,0,0,0,0,0,0
EARTH,15,110,"1:50:00",EARTH,27500,,0,,0,COPPER,7,4,100,0,360000,2500,0,0,0,0,0,0,0,0,0
EARTH,16,120,"2:00:00",EARTH,30000,,0,,0,COPPER,12,4,100,0,360000,2500,0,0,0,0,0,0,0,0,0
EARTH,17,128,"2:08:00",EARTH,32000,,0,,0,COPPER,20,4,100,0,360000,2000,0,0,0,0,0,0,0,0,0
EARTH,18,136,"2:16:00",EARTH,34000,,0,,0,COPPER,29,4,100,0,360000,2000,0,0,0,0,0,0,0,0,0
EARTH,19,144,"2:24:00",EARTH,36000,,0,,0,COPPER,39,4,100,0,360000,2000,0,0,0,0,0,0,0,0,0
EARTH,20,150,"2:30:00",EARTH,37500,,0,,0,COPPER,51,5,100,0,360000,1500,0,0,0,0,0,0,0,0,0
EARTH,21,156,"2:36:00",EARTH,39000,,0,,0,COPPER,65,5,100,0,360000,1500,0,0,0,0,0,0,0,0,0
EARTH,22,162,"2:42:00",EARTH,40500,,0,,0,COPPER,81,5,100,0,360000,1500,0,0,0,0,0,0,0,0,0
EARTH,23,168,"2:48:00",EARTH,42000,,0,,0,COPPER,99,5,100,0,360000,1500,0,0,0,0,0,0,0,0,0
EARTH,24,174,"2:54:00",EARTH,43500,,0,,0,STEEL,24,5,100,0,360000,1500,0,0,0,0,0,0,0,0,0
EARTH,25,180,"3:00:00",EARTH,45000,,0,,0,STEEL,29,5,100,0,360000,1500,0,0,0,0,0,0,0,0,0
EARTH,26,185,"3:05:00",EARTH,46250,,0,,0,STEEL,34,6,100,0,360000,1250,0,0,0,0,0,0,0,0,0
EARTH,27,190,"3:10:00",EARTH,47500,,0,,0,STEEL,40,6,100,0,360000,1250,0,0,0,0,0,0,0,0,0
EARTH,28,194,"3:14:00",EARTH,48500,,0,,0,STEEL,47,6,100,0,360000,1000,0,0,0,0,0,0,0,0,0
EARTH,29,198,"3:18:00",EARTH,49500,,0,,0,STEEL,55,6,100,0,360000,1000,0,0,0,0,0,0,0,0,0
EARTH,30,202,"3:22:00",EARTH,50500,,0,,0,STEEL,65,6,100,0,360000,1000,0,0,0,0,0,0,0,0,0
EARTH,31,205,"3:25:00",EARTH,51250,,0,,0,STEEL,75,6,100,0,360000,750,0,0,0,0,0,0,0,0,0
EARTH,32,208,"3:28:00",EARTH,52000,,0,,0,STEEL,88,6,100,0,360000,750,0,0,0,0,0,0,0,0,0
EARTH,33,211,"3:31:00",EARTH,52750,,0,,0,STEEL,102,6,100,0,360000,750,0,0,0,0,0,0,0,0,0
EARTH,34,214,"3:34:00",EARTH,53500,,0,,0,SCREWS,39,6,100,0,360000,750,0,0,0,0,0,0,0,0,0
EARTH,35,217,"3:37:00",EARTH,54250,,0,,0,SCREWS,45,7,100,0,360000,750,0,0,0,0,0,0,0,0,0
EARTH,36,220,"3:40:00",EARTH,55000,,0,,0,SCREWS,52,7,100,0,360000,750,0,0,0,0,0,0,0,0,0
EARTH,37,222,"3:42:00",EARTH,55500,,0,,0,SCREWS,61,7,100,0,360000,500,0,0,0,0,0,0,0,0,0
EARTH,38,224,"3:44:00",EARTH,56000,,0,,0,SCREWS,70,7,100,0,360000,500,0,0,0,0,0,0,0,0,0
EARTH,39,226,"3:46:00",EARTH,56500,,0,,0,SCREWS,80,7,100,0,360000,500,0,0,0,0,0,0,0,0,0
EARTH,40,228,"3:48:00",EARTH,57000,,0,,0,SCREWS,93,7,100,0,360000,500,0,0,0,0,0,0,0,0,0
EARTH,41,230,"3:50:00",EARTH,57500,,0,,0,SCREWS,107,7,100,0,360000,500,0,0,0,0,0,0,0,0,0
EARTH,42,231.5,"3:51:30",EARTH,57875,,0,,0,SCREWS,123,7,100,0,360000,375,0,0,0,0,0,0,0,0,0
EARTH,43,233,"3:53:00",EARTH,58250,,0,,0,SCREWS,141,7,100,0,360000,375,0,0,0,0,0,0,0,0,0
EARTH,44,234,"3:54:00",EARTH,58500,,0,,0,SCREWS,162,7,100,0,360000,250,0,0,0,0,0,0,0,0,0
EARTH,45,235,"3:55:00",EARTH,58750,,0,,0,SCREWS,186,7,100,0,360000,250,0,0,0,0,0,0,0,0,0
EARTH,46,236,"3:56:00",EARTH,59000,,0,,0,SCREWS,213,7,100,0,360000,250,0,0,0,0,0,0,0,0,0
EARTH,47,237,"3:57:00",EARTH,59250,,0,,0,DYNAMITE,35,7,100,0,360000,250,0,0,0,0,0,0,0,0,0
EARTH,48,238,"3:58:00",EARTH,59500,,0,,0,DYNAMITE,40,7,100,0,360000,250,0,0,0,0,0,0,0,0,0
EARTH,49,239,"3:59:00",EARTH,59750,,0,,0,DYNAMITE,45,7,100,0,360000,250,0,0,0,0,0,0,0,0,0
EARTH,50,240,"4:00:00",EARTH,60000,,0,,0,DYNAMITE,52,7,100,0,360000,250,0,0,0,0,0,0,0,0,0
ENERGY,1,12960,"216:00:00",ENERGY,1,OIL,2,HEAT,72,HEAT,2,550000,100,9250000,0.11,0,0,0,0.22,0.25,8,9.6,550000,1027777.78,17
ENERGY,2,8640,"144:00:00",ENERGY,1,OIL,1.98,HEAT,71.16,SCREWS,15,550000,101.18,9250000,0.17,0,0,50,0.33,0.43,11.86,44.14,550000,1541666.67,17
ENERGY,3,5760,"96:00:00",ENERGY,1,OIL,1.95,HEAT,70.27,SCREWS,18,550000,102.46,9250000,0.25,0,0,50,0.49,0.52,17.57,46.08,550000,2312500,17
ENERGY,4,3840,"64:00:00",ENERGY,1,OIL,1.93,HEAT,69.33,SCREWS,21,550000,103.85,9250000,0.37,0,0,50,0.72,0.52,26,46.08,550000,3468749.57,17
ENERGY,5,2880,"48:00:00",ENERGY,1,OIL,1.9,HEAT,68.34,SCREWS,27,550000,105.36,9250000,0.5,0,0,33.33,0.95,0.63,34.17,52.17,550000,4625000,17
ENERGY,6,2160,"36:00:00",ENERGY,1,OIL,1.87,HEAT,67.3,SCREWS,37,550000,106.99,9250000,0.67,0,0,33.33,1.25,0.75,44.86,58.71,550000,6166666.67,17
ENERGY,7,1680,"28:00:00",ENERGY,1,OIL,1.84,HEAT,66.2,SCREWS,54,550000,108.76,9250000,0.86,0,0,28.57,1.58,0.92,56.74,63.94,550000,7928569.16,17
ENERGY,8,1320,"22:00:00",ENERGY,1,OIL,1.81,HEAT,65.06,SCREWS,81,550000,110.67,9250000,1.09,0,0,27.27,1.97,1.2,70.97,68.18,550000,10090905.42,17
ENERGY,9,1020,"17:00:00",ENERGY,1,OIL,1.77,HEAT,63.86,SCREWS,126,550000,112.75,9250000,1.41,0,0,29.41,2.5,1.6,90.15,73.47,550000,13058829.67,17
ENERGY,10,720,"12:00:00",ENERGY,1,OIL,1.74,HEAT,62.61,SCREWS,200,550000,115,9250000,2,0,0,41.67,3.48,2.4,125.22,75,550000,18500000,17
FIBERGLASS,1,11520,"192:00:00",FIBERGLASS,1,GLASS,10,SULFUR,2,GLASS,2,510000,100,8000000,0.13,0,0,0,1.25,1.33,0.25,0.2,510000,1000000,16
FIBERGLASS,2,7920,"132:00:00",FIBERGLASS,1,GLASS,9.88,SULFUR,1.98,SCREWS,15,510000,101.18,8000000,0.18,0,0,45.45,1.8,3.51,0.36,0.36,510000,1454545.45,16
FIBERGLASS,3,5520,"92:00:00",FIBERGLASS,1,GLASS,9.76,SULFUR,1.95,GLASS,44,510000,102.46,8000000,0.26,0,0,43.48,2.55,3.51,0.51,0.44,510000,2086956.7,16
FIBERGLASS,4,3840,"64:00:00",FIBERGLASS,1,GLASS,9.63,SULFUR,1.93,GLASS,53,510000,103.85,8000000,0.37,0,0,43.75,3.61,3.62,0.72,0.44,510000,2999999.63,16
FIBERGLASS,5,2880,"48:00:00",FIBERGLASS,1,GLASS,9.49,SULFUR,1.9,GLASS,69,510000,105.36,8000000,0.5,0,0,33.33,4.75,4.68,0.95,0.55,510000,4000000,16
FIBERGLASS,6,2160,"36:00:00",FIBERGLASS,1,GLASS,9.35,SULFUR,1.87,SULFUR,14,510000,106.99,8000000,0.67,0,0,33.33,6.23,5.19,1.25,0.67,510000,5333333.33,16
FIBERGLASS,7,1680,"28:00:00",FIBERGLASS,1,GLASS,9.19,SULFUR,1.84,SULFUR,20,510000,108.76,8000000,0.86,0,0,28.57,7.88,5.71,1.58,0.86,510000,6857140.9,16
FIBERGLASS,8,1320,"22:00:00",FIBERGLASS,1,GLASS,9.04,SULFUR,1.81,SULFUR,30,510000,110.67,8000000,1.09,0,0,27.27,9.86,8.28,1.97,1.14,510000,8727269.55,16
FIBERGLASS,9,1020,"17:00:00",FIBERGLASS,1,GLASS,8.87,SULFUR,1.77,SULFUR,47,510000,112.75,8000000,1.41,0,0,29.41,12.52,12,2.5,1.6,510000,11294122.96,16
FIBERGLASS,10,720,"12:00:00",FIBERGLASS,1,GLASS,8.7,SULFUR,1.74,FIBERGLASS,21,510000,115,8000000,2,0,0,41.67,17.39,18,3.48,2.4,510000,16000000,16
FIRE,1,60,"01:00:00",FIRE,1500,,0,,0,FIRE,500,0,100,0,36000,0,0,0,0,0,0,0,0,0,0
FIRE,2,60,"01:00:00",FIRE,1581,,0,,0,FIRE,1000,0,100,0,37944,5.4,0,5.4,0,0,0,0,0,0,0
FIRE,3,60,"01:00:00",FIRE,1666,,0,,0,FIRE,1500,0,100,0,39984,5.4,0,5.4,0,0,0,0,0,0,0
FIRE,4,60,"01:00:00",FIRE,1756,,0,,0,FIRE,2000,0,100,0,42144,5.4,0,5.4,0,0,0,0,0,0,0
FIRE,5,60,"01:00:00",FIRE,1851,,0,,0,FIRE,2500,0,100,0,44424,5.4,0,5.4,0,0,0,0,0,0,0
FIRE,6,60,"01:00:00",FIRE,1951,,0,,0,FIRE,3000,0,100,0,46824,5.4,0,5.4,0,0,0,0,0,0,0
FIRE,7,60,"01:00:00",FIRE,2057,,0,,0,FIRE,3500,0,100,0,49368,5.4,0,5.4,0,0,0,0,0,0,0
FIRE,8,60,"01:00:00",FIRE,2168,,0,,0,FIRE,4000,0,100,0,52032,5.4,0,5.4,0,0,0,0,0,0,0
FIRE,9,60,"01:00:00",FIRE,2285,,0,,0,FIRE,4500,0,100,0,54840,5.4,0,5.4,0,0,0,0,0,0,0
FIRE,10,60,"01:00:00",FIRE,2408,,0,,0,FIRE,5000,0,100,0,57792,5.4,0,5.4,0,0,0,0,0,0,0
FIRE,11,60,"01:00:00",FIRE,2538,,0,,0,FIRE,5500,0,100,0,60912,5.4,0,5.4,0,0,0,0,0,0,0
FIRE,12,60,"01:00:00",FIRE,2675,,0,,0,FIRE,6000,0,100,0,64200,5.4,0,5.4,0,0,0,0,0,0,0
FIRE,13,60,"01:00:00",FIRE,2820,,0,,0,FIRE,6500,0,100,0,67680,5.4,0,5.4,0,0,0,0,0,0,0
FIRE,14,60,"01:00:00",FIRE,2972,,0,,0,FIRE,7000,0,100,0,71328,5.4,0,5.4,0,0,0,0,0,0,0
FIRE,15,60,"01:00:00",FIRE,3132,,0,,0,FIRE,7500,0,100,0,75168,5.4,0,5.4,0,0,0,0,0,0,0
FIRE,16,60,"01:00:00",FIRE,3301,,0,,0,FIRE,8000,0,100,0,79224,5.4,0,5.4,0,0,0,0,0,0,0
FIRE,17,60,"01:00:00",FIRE,3480,,0,,0,FIRE,8500,0,100,0,83520,5.4,0,5.4,0,0,0,0,0,0,0
FIRE,18,60,"01:00:00",FIRE,3668,,0,,0,FIRE,9000,0,100,0,88032,5.4,0,5.4,0,0,0,0,0,0,0
FIRE,19,60,"01:00:00",FIRE,3866,,0,,0,FIRE,9500,0,100,0,92784,5.4,0,5.4,0,0,0,0,0,0,0
FIRE,20,60,"01:00:00",FIRE,4074,,0,,0,FIRE,10000,0,100,0,97776,5.4,0,5.4,0,0,0,0,0,0,0
FIRE,21,60,"01:00:00",FIRE,4294,,0,,0,FIRE,10500,0,100,0,103056,5.4,0,5.4,0,0,0,0,0,0,0
FIRE,22,60,"01:00:00",FIRE,4526,,0,,0,FIRE,11000,0,100,0,108624,5.4,0,5.4,0,0,0,0,0,0,0
FIRE,23,60,"01:00:00",FIRE,4771,,0,,0,FIRE,11500,0,100,0,114504,5.4,0,5.4,0,0,0,0,0,0,0
FIRE,24,60,"01:00:00",FIRE,5028,,0,,0,FIRE,12000,0,100,0,120672,5.4,0,5.4,0,0,0,0,0,0,0
FIRE,25,60,"01:00:00",FIRE,5300,,0,,0,FIRE,12500,0,100,0,127200,5.4,0,5.4,0,0,0,0,0,0,0
FIRE,26,60,"01:00:00",FIRE,5586,,0,,0,FIRE,13000,0,100,0,134064,5.4,0,5.4,0,0,0,0,0,0,0
FIRE,27,60,"01:00:00",FIRE,5888,,0,,0,FIRE,13500,0,100,0,141312,5.4,0,5.4,0,0,0,0,0,0,0
FIRE,28,60,"01:00:00",FIRE,6206,,0,,0,FIRE,14000,0,100,0,148944,5.4,0,5.4,0,0,0,0,0,0,0
FIRE,29,60,"01:00:00",FIRE,6541,,0,,0,FIRE,14500,0,100,0,156984,5.4,0,5.4,0,0,0,0,0,0,0
FIRE,30,60,"01:00:00",FIRE,6894,,0,,0,FIRE,15000,0,100,0,165456,5.4,0,5.4,0,0,0,0,0,0,0
FIRE,31,60,"01:00:00",FIRE,7266,,0,,0,FIRE,15500,0,100,0,174384,5.4,0,5.4,0,0,0,0,0,0,0
FIRE,32,60,"01:00:00",FIRE,7659,,0,,0,FIRE,16000,0,100,0,183816,5.4,0,5.4,0,0,0,0,0,0,0
FIRE,33,60,"01:00:00",FIRE,8072,,0,,0,FIRE,16500,0,100,0,193728,5.4,0,5.4,0,0,0,0,0,0,0
FIRE,34,60,"01:00:00",FIRE,8508,,0,,0,FIRE,17000,0,100,0,204192,5.4,0,5.4,0,0,0,0,0,0,0
FIRE,35,60,"01:00:00",FIRE,8968,,0,,0,FIRE,17500,0,100,0,215232,5.4,0,5.4,0,0,0,0,0,0,0
FIRE,36,60,"01:00:00",FIRE,9452,,0,,0,FIRE,18000,0,100,0,226848,5.4,0,5.4,0,0,0,0,0,0,0
FIRE,37,60,"01:00:00",FIRE,9962,,0,,0,FIRE,18500,0,100,0,239088,5.4,0,5.4,0,0,0,0,0,0,0
FIRE,38,60,"01:00:00",FIRE,10500,,0,,0,FIRE,19000,0,100,0,252000,5.4,0,5.4,0,0,0,0,0,0,0
FIRE,39,60,"01:00:00",FIRE,11067,,0,,0,FIRE,19500,0,100,0,265608,5.4,0,5.4,0,0,0,0,0,0,0
FIRE,40,60,"01:00:00",FIRE,11665,,0,,0,FIRE,20000,0,100,0,279960,5.4,0,5.4,0,0,0,0,0,0,0
FUEL,1,3360,"56:00:00",FUEL,1,GAS,3,,0,GAS,1,150000,100,1650000,0.43,0,0,0,1.29,1,0,0,150000,707142.96,11
FUEL,2,2760,"46:00:00",FUEL,1,GAS,2.97,,0,SCREWS,8,150000,101,1650000,0.52,0,0,21.74,1.55,1.45,0,0,150000,860869.42,11
FUEL,3,2400,"40:00:00",FUEL,1,GAS,2.94,,0,SCREWS,9,150000,102,1650000,0.6,0,0,15,1.76,1.45,0,0,150000,989999.8,11
FUEL,4,2100,"35:00:00",FUEL,1,GAS,2.91,,0,SCREWS,10,150000,103,1650000,0.69,0,0,14.29,2,1.6,0,0,150000,1131428.83,11
FUEL,5,1800,"30:00:00",FUEL,1,GAS,2.88,,0,SCREWS,12,150000,104,1650000,0.8,0,0,16.67,2.31,1.6,0,0,150000,1320000,11
FUEL,6,1560,"26:00:00",FUEL,1,GAS,2.86,,0,SCREWS,14,150000,105,1650000,0.92,0,0,15.38,2.64,1.71,0,0,150000,1523077.39,11
FUEL,7,1380,"23:00:00",FUEL,1,GAS,2.83,,0,SCREWS,17,150000,106,1650000,1.04,0,0,13.04,2.95,1.85,0,0,150000,1721739.73,11
FUEL,8,1200,"20:00:00",FUEL,1,GAS,2.8,,0,SCREWS,22,150000,107,1650000,1.2,0,0,15,3.36,2,0,0,150000,1980000.79,11
FUEL,9,1080,"18:00:00",FUEL,1,GAS,2.78,,0,SCREWS,28,150000,108,1650000,1.33,0,0,11.11,3.7,2,0,0,150000,2200000,11
FUEL,10,960,"16:00:00",FUEL,1,GAS,2.75,,0,SCREWS,37,150000,109,1650000,1.5,0,0,12.5,4.13,2.4,0,0,150000,2474998.76,11
FUEL,11,840,"14:00:00",FUEL,1,GAS,2.73,,0,SCREWS,49,150000,110,1650000,1.71,0,0,14.29,4.68,3,0,0,150000,2828573.04,11
FUEL,12,720,"12:00:00",FUEL,1,GAS,2.7,,0,SCREWS,66,150000,111,1650000,2,0,0,16.67,5.41,3.69,0,0,150000,3300000,11
FUEL,13,630,"10:30:00",FUEL,1,GAS,2.68,,0,SCREWS,90,150000,112,1650000,2.29,0,0,14.29,6.12,4.8,0,0,150000,3771428.57,11
FUEL,14,540,"9:00:00",FUEL,1,GAS,2.65,,0,SCREWS,123,150000,113,1650000,2.67,0,0,16.67,7.08,6,0,0,150000,4400000,11
FUEL,15,480,"8:00:00",FUEL,1,GAS,2.61,,0,SCREWS,170,150000,115,1650000,3,0,0,12.5,7.83,9,0,0,150000,4950004.95,11
GAS,1,1440,"24:00:00",GAS,1,OXYGEN,2,,0,OXYGEN,1,47500,100,450000,1,0,0,0,2,1.6,0,0,47500,450000,9
GAS,2,1290,"21:30:00",GAS,1,OXYGEN,1.98,,0,STEEL,13,47500,101,450000,1.12,0,0,11.63,2.21,2.67,0,0,47500,502325.77,9
GAS,3,1170,"19:30:00",GAS,1,OXYGEN,1.96,,0,STEEL,16,47500,102,450000,1.23,0,0,10.26,2.41,2.77,0,0,47500,553846.15,9
GAS,4,1080,"18:00:00",GAS,1,OXYGEN,1.94,,0,STEEL,21,47500,103,450000,1.33,0,0,8.33,2.59,2.77,0,0,47500,600000,9
GAS,5,990,"16:30:00",GAS,1,OXYGEN,1.92,,0,STEEL,27,47500,104,450000,1.45,0,0,9.09,2.8,3.13,0,0,47500,654545.45,9
GAS,6,900,"15:00:00",GAS,1,OXYGEN,1.9,,0,SCREWS,12,47500,105,450000,1.6,0,0,10,3.05,3.6,0,0,47500,720000,9
GAS,7,840,"14:00:00",GAS,1,OXYGEN,1.89,,0,SCREWS,15,47500,106,450000,1.71,0,0,7.14,3.23,3.79,0,0,47500,771429.01,9
GAS,8,780,"13:00:00",GAS,1,OXYGEN,1.87,,0,SCREWS,20,47500,107,450000,1.85,0,0,7.69,3.45,3.84,0,0,47500,830768.72,9
GAS,9,720,"12:00:00",GAS,1,OXYGEN,1.85,,0,SCREWS,27,47500,108,450000,2,0,0,8.33,3.7,4.92,0,0,47500,900000,9
GAS,10,1200,"20:00:00",GAS,2,OXYGEN,3.67,,0,SCREWS,36,93500,109,450000,2.4,1,0,20,4.4,5.49,0,0,46750,1080000.43,10
GAS,11,960,"16:00:00",GAS,2,OXYGEN,3.64,,0,SCREWS,48,93500,110,450000,3,0,0,25,5.45,6,0,0,46750,1349999.33,10
GAS,12,780,"13:00:00",GAS,2,OXYGEN,3.6,,0,SCREWS,65,93500,111,450000,3.69,0,0,23.08,6.65,7.27,0,0,46750,1661537.44,10
GAS,13,600,"10:00:00",GAS,2,OXYGEN,3.57,,0,SCREWS,87,93500,112,450000,4.8,0,0,30,8.57,8.57,0,0,46750,2159998.27,10
GAS,14,480,"8:00:00",GAS,2,OXYGEN,3.54,,0,SCREWS,118,93500,113,450000,6,0,0,25,10.62,12,0,0,46750,2700002.7,10
GAS,15,480,"8:00:00",GAS,3,OXYGEN,5.22,,0,SCREWS,160,138000,115,450000,9,1,0,50,15.65,18,0,0,46000,4050004.05,10
GLASS,1,1080,"18:00:00",GLASS,1,SAND,180,HEAT,8,HEAT,1,24700,100,180000,1.33,0,0,0,240,720,10.67,9.6,24700,240000,7
GLASS,2,1800,"30:00:00",GLASS,2,SAND,356.26,HEAT,15.83,SCREWS,3,46700,101.05,180000,1.6,1,0,20,285.01,7464,12.67,22.78,23350,288000,8
GLASS,3,1530,"25:30:00",GLASS,2,SAND,352.73,HEAT,15.68,SCREWS,4,46700,102.06,180000,1.88,0,0,17.65,331.98,7764,14.75,27.11,23350,338823.53,8
GLASS,4,1320,"22:00:00",GLASS,2,SAND,349.38,HEAT,15.53,SCREWS,5,46700,103.04,180000,2.18,0,0,15.91,381.14,8346,16.94,30,23350,392727.13,8
GLASS,5,1890,"31:30:00",GLASS,3,SAND,519.38,HEAT,23.08,SCREWS,7,68100,103.97,180000,2.29,1,0,4.76,395.72,8628,17.59,32.73,22700,411428.57,8
GLASS,6,1680,"28:00:00",GLASS,3,SAND,514.87,HEAT,22.88,GLASS,21,68100,104.88,180000,2.57,0,0,12.5,441.32,8904,19.61,35.23,22700,462857.01,8
GLASS,7,1500,"25:00:00",GLASS,3,SAND,510.64,HEAT,22.7,GLASS,27,68100,105.75,180000,2.88,0,0,12,490.21,9174,21.79,40,22700,518399.83,8
GLASS,8,1350,"22:30:00",GLASS,3,SAND,506.61,HEAT,22.52,GLASS,34,68100,106.59,180000,3.2,0,0,11.11,540.39,9696,24.02,42.04,22700,576000,8
GLASS,9,1230,"20:30:00",GLASS,3,SAND,502.75,HEAT,22.34,GLASS,42,68100,107.41,180000,3.51,0,0,9.76,588.58,9948,26.16,44.14,22700,632194.88,8
GLASS,10,1590,"26:30:00",GLASS,4,SAND,665.43,HEAT,29.57,GLASS,52,90000,108.2,180000,3.62,1,0,3.14,602.66,10194,26.78,46.08,22500,652075.27,8
GLASS,11,1380,"23:00:00",GLASS,4,SAND,660.73,HEAT,29.37,GLASS,64,90000,108.97,180000,4.17,0,0,15.22,689.46,10434,30.64,52.17,22500,751304.61,8
GLASS,12,1230,"20:30:00",GLASS,4,SAND,656.28,HEAT,29.17,GLASS,78,90000,109.71,180000,4.68,0,0,12.2,768.32,10668,34.15,55.71,22500,842926.5,8
GLASS,13,1110,"18:30:00",GLASS,4,SAND,651.94,HEAT,28.98,GLASS,96,90000,110.44,180000,5.19,0,0,10.81,845.76,11118,37.59,58.71,22500,934054.46,8
GLASS,14,1020,"17:00:00",GLASS,4,SAND,647.83,HEAT,28.79,SULFUR,18,90000,111.14,180000,5.65,0,0,8.82,914.59,11334,40.65,61.46,22500,1016471.07,8
GLASS,15,1260,"21:00:00",GLASS,5,SAND,804.79,HEAT,35.77,SULFUR,22,111500,111.83,180000,5.71,1,0,1.19,919.76,11544,40.88,66.18,22300,1028571.43,8
GLASS,16,1050,"17:30:00",GLASS,5,SAND,800.07,HEAT,35.56,SULFUR,26,111500,112.49,180000,6.86,0,0,20,1097.24,11748,48.77,68.18,22300,1234285.15,8
GLASS,17,870,"14:30:00",GLASS,5,SAND,795.47,HEAT,35.35,SULFUR,32,111500,113.14,180000,8.28,0,0,20.69,1316.65,11946,58.52,70.18,22300,1489654.35,8
GLASS,18,720,"12:00:00",GLASS,5,SAND,791,HEAT,35.16,FIBERGLASS,11,111500,113.78,180000,10,0,0,20.83,1582,11946,70.31,71.86,22300,1800000,8
GLASS,19,600,"10:00:00",GLASS,5,SAND,786.71,HEAT,34.97,FIBERGLASS,14,111500,114.4,180000,12,0,0,20,1888.11,12140,83.92,73.47,22300,2159998.27,8
GLASS,20,480,"8:00:00",GLASS,6,SAND,939.13,HEAT,41.74,FIBERGLASS,17,132000,115,180000,18,1,0,50,2817.39,12140,125.22,75,22000,3240003.24,8
GLASSKEY,1,14400,"240:00:00",GLASSKEY,1,KEY,2,GLASS,3,GLASS,1,425000,100,1500000,0.1,0,0,0,0.2,0.2,0.3,1.33,425000,150000,4
GLASSKEY,2,9180,"153:00:00",GLASSKEY,1,KEY,1.97,GLASS,2.95,SCREWS,20,425000,101.6,1500000,0.16,0,0,56.86,0.31,0.34,0.46,3.62,425000,235294.12,4
GLASSKEY,3,5820,"97:00:00",GLASSKEY,1,KEY,1.92,GLASS,2.88,SCREWS,30,425000,104.3,1500000,0.25,0,0,57.73,0.47,0.51,0.71,4.68,425000,371134.02,4
GLASSKEY,4,3360,"56:00:00",GLASSKEY,1,KEY,1.85,GLASS,2.77,SCREWS,70,425000,108.4,1500000,0.43,0,0,73.21,0.79,0.86,1.19,6.86,425000,642857.14,4
GLASSKEY,5,1440,"24:00:00",GLASSKEY,1,KEY,1.74,GLASS,2.61,SCREWS,200,425000,115,1500000,1,0,0,133.33,1.74,2,2.61,18,425000,1500000,4
HEAT,1,150,"2:30:00",HEAT,1,FIRE,18,,0,FIRE,2,1000,100,4500,9.6,0,0,0,172.8,0,0,0,1000,43199.99,5
HEAT,2,150,"2:30:00",HEAT,1,FIRE,13.5,,0,COPPER,6,1000,133.35,4500,9.6,0,0,0,129.58,0,0,0,1000,43199.99,5
HEAT,3,150,"2:30:00",HEAT,1,FIRE,11.25,,0,COPPER,10,1000,160,4500,9.6,0,0,0,108,0,0,0,1000,43199.99,5
HEAT,4,150,"2:30:00",HEAT,1,FIRE,9.9,,0,COPPER,14,1000,181.85,4500,9.6,0,0,0,95.02,0,0,0,1000,43199.99,5
HEAT,5,150,"2:30:00",HEAT,1,FIRE,9,,0,COPPER,20,1000,200,4500,9.6,0,0,0,86.4,0,0,0,1000,43199.99,5
HEAT,6,150,"2:30:00",HEAT,2,FIRE,18,,0,STEEL,5,1990,200,4500,19.2,1,0,100,172.8,0,0,0,995,86399.97,5
HEAT,7,205,"3:25:00",HEAT,3,FIRE,27,,0,STEEL,7,2970,200,4500,21.07,1,0,9.76,189.66,0,0,0,990,94829.28,5
HEAT,8,316,"5:16:00",HEAT,5,FIRE,45,,0,STEEL,9,4950,200,4500,22.78,2,0,8.12,205.06,0,0,0,990,102531.67,5
HEAT,9,480,"8:00:00",HEAT,8,FIRE,72,,0,STEEL,11,7880,200,4500,24,3,0,5.33,216,0,0,0,985,108000.01,5
HEAT,10,425,"7:05:00",HEAT,8,FIRE,69.61,,0,STEEL,14,7880,206.88,4500,27.11,0,0,12.94,235.84,0,0,0,985,121976.47,5
HEAT,11,384,"6:24:00",HEAT,8,FIRE,67.56,,0,STEEL,17,7880,213.15,4500,30,0,0,10.68,253.34,0,0,0,985,134999.98,5
HEAT,12,352,"5:52:00",HEAT,8,FIRE,65.77,,0,STEEL,20,7880,218.93,4500,32.73,0,0,9.09,269.08,0,0,0,985,147272.75,5
HEAT,13,327,"5:27:00",HEAT,8,FIRE,64.21,,0,STEEL,24,7880,224.27,4500,35.23,0,0,7.65,282.75,0,0,0,985,158532.13,5
HEAT,14,306,"5:06:00",HEAT,8,FIRE,62.81,,0,STEEL,29,7880,229.25,4500,37.65,0,0,6.86,295.59,0,0,0,985,169411.76,5
HEAT,15,288,"4:48:00",HEAT,8,FIRE,61.56,,0,STEEL,35,7880,233.9,4500,40,0,0,6.25,307.82,0,0,0,985,180000,5
HEAT,16,274,"4:34:00",HEAT,8,FIRE,60.43,,0,STEEL,42,7880,238.28,4500,42.04,0,0,5.11,317.6,0,0,0,985,189197.06,5
HEAT,17,261,"4:21:00",HEAT,8,FIRE,59.41,,0,SCREWS,17,7880,242.4,4500,44.14,0,0,4.98,327.76,0,0,0,985,198620.69,5
HEAT,18,250,"4:10:00",HEAT,8,FIRE,58.47,,0,SCREWS,20,7880,246.3,4500,46.08,0,0,4.4,336.76,0,0,0,985,207360.01,5
HEAT,19,240,"4:00:00",HEAT,8,FIRE,57.6,,0,SCREWS,24,7880,250,4500,48,0,0,4.17,345.6,0,0,0,985,215999.96,5
HEAT,20,276,"4:36:00",HEAT,10,FIRE,72,,0,SCREWS,28,9800,250,4500,52.17,2,0,8.7,375.65,0,0,0,980,234782.57,5
HEAT,21,336,"5:36:00",HEAT,13,FIRE,93.6,,0,SCREWS,33,12675,250,4500,55.71,3,0,6.79,401.14,0,0,0,975,250714.32,5
HEAT,22,417,"6:57:00",HEAT,17,FIRE,122.4,,0,SCREWS,39,16575,250,4500,58.71,4,0,5.37,422.68,0,0,0,975,264172.69,5
HEAT,23,492,"8:12:00",HEAT,21,FIRE,151.2,,0,SCREWS,47,20412,250,4500,61.46,4,0,4.7,442.54,0,0,0,972,276585.34,5
HEAT,24,563,"9:23:00",HEAT,25,FIRE,180,,0,SCREWS,55,24250,250,4500,63.94,4,0,4.03,460.39,0,0,0,970,287744.24,5
HEAT,25,544,"9:04:00",HEAT,25,FIRE,180,,0,SCREWS,65,24250,250,4500,66.18,0,0,3.49,476.47,0,0,0,970,297794.1,5
HEAT,26,528,"8:48:00",HEAT,25,FIRE,180,,0,SCREWS,77,24250,250,4500,68.18,0,0,3.03,490.91,0,0,0,970,306818.15,5
HEAT,27,513,"8:33:00",HEAT,25,FIRE,169.39,,0,SCREWS,91,24250,265.66,4500,70.18,0,0,2.92,475.48,0,0,0,970,315789.47,5
HEAT,28,501,"8:21:00",HEAT,25,FIRE,161.41,,0,SCREWS,108,24250,278.79,4500,71.86,0,0,2.4,463.94,0,0,0,970,323353.26,5
HEAT,29,490,"8:10:00",HEAT,25,FIRE,155.13,,0,SCREWS,127,24250,290.08,4500,73.47,0,0,2.24,455.89,0,0,0,970,330612.22,5
HEAT,30,480,"8:00:00",HEAT,25,FIRE,150,,0,SCREWS,150,24250,300,4500,75,0,0,2.08,450,0,0,0,970,337500.03,5
HYDROGEN,1,14400,"240:00:00",HYDROGEN,1,STEAM,7,ENERGY,2,STEAM,3,687500,100,12500000,0.1,0,0,0,0.7,0.75,0.2,0.11,687500,1250000,18
HYDROGEN,2,8640,"144:00:00",HYDROGEN,1,STEAM,6.8,ENERGY,1.94,SCREWS,20,687500,103,12500000,0.17,0,0,66.67,1.13,1.6,0.32,0.37,687500,2083333.33,18
HYDROGEN,3,4320,"72:00:00",HYDROGEN,1,STEAM,6.6,ENERGY,1.89,SCREWS,30,687500,106,12500000,0.33,0,0,100,2.2,2.04,0.63,0.67,687500,4166666.67,18
HYDROGEN,4,2400,"40:00:00",HYDROGEN,1,STEAM,6.36,ENERGY,1.82,SCREWS,70,687500,110,12500000,0.6,0,0,80,3.82,4.17,1.09,1.09,687500,7499998.5,18
HYDROGEN,5,1440,"24:00:00",HYDROGEN,1,STEAM,6.09,ENERGY,1.74,SCREWS,200,687500,115,12500000,1,0,0,66.67,6.09,9,1.74,2,687500,12500000,18
KEY,1,7200,"120:00:00",KEY,1,BOLTS,3,,0,BOLTS,1,135000,100,1000000,0.2,0,0,0,0.6,0.29,0,0,135000,200000,7
KEY,2,6000,"100:00:00",KEY,1,BOLTS,2.99,,0,SCREWS,15,135000,100.5,1000000,0.24,0,0,20,0.72,0.4,0,0,135000,240000,7
KEY,3,5040,"84:00:00",KEY,1,BOLTS,2.97,,0,SCREWS,18,135000,101,1000000,0.29,0,0,19.05,0.85,0.48,0,0,135000,285714.29,7
KEY,4,4200,"70:00:00",KEY,1,BOLTS,2.94,,0,SCREWS,21,135000,102,1000000,0.34,0,0,20,1.01,0.48,0,0,135000,342857.14,7
KEY,5,3420,"57:00:00",KEY,1,BOLTS,2.93,,0,SCREWS,27,135000,102.5,1000000,0.42,0,0,22.81,1.23,0.6,0,0,135000,421052.63,7
KEY,6,2820,"47:00:00",KEY,1,BOLTS,2.9,,0,SCREWS,37,135000,103.5,1000000,0.51,0,0,21.28,1.48,0.75,0,0,135000,510638.3,7
KEY,7,2220,"37:00:00",KEY,1,BOLTS,2.86,,0,SCREWS,54,135000,105,1000000,0.65,0,0,27.03,1.85,1,0,0,135000,648648.65,7
KEY,8,1680,"28:00:00",KEY,1,BOLTS,2.82,,0,SCREWS,81,135000,106.5,1000000,0.86,0,0,32.14,2.41,1.33,0,0,135000,857142.86,7
KEY,9,1200,"20:00:00",KEY,1,BOLTS,2.78,,0,SCREWS,126,135000,108,1000000,1.2,0,0,40,3.33,2,0,0,135000,1200000,7
KEY,10,720,"12:00:00",KEY,1,BOLTS,2.73,,0,SCREWS,200,135000,110,1000000,2,0,0,66.67,5.45,3,0,0,135000,2000000,7
LAVA,1,480,"8:00:00",LAVA,1,HEAT,4,,0,HEAT,1,8335,100,30000,3,0,0,0,12,9.6,0,0,8335,90000.09,4
LAVA,2,780,"13:00:00",LAVA,2,HEAT,7.92,,0,STEEL,3,16630,101.05,30000,3.69,1,0,23.08,14.62,9.6,0,0,8315,110769.16,4
LAVA,3,690,"11:30:00",LAVA,2,HEAT,7.84,,0,STEEL,5,16630,102.06,30000,4.17,0,0,13.04,16.36,19.2,0,0,8315,125217.3,4
LAVA,4,630,"10:30:00",LAVA,2,HEAT,7.76,,0,STEEL,8,16630,103.04,30000,4.57,0,0,9.52,17.75,22.78,0,0,8315,137142.86,4
LAVA,5,900,"15:00:00",LAVA,3,HEAT,11.54,,0,STEEL,11,24690,103.97,30000,4.8,1,0,5,18.47,24,0,0,8230,144000,4
LAVA,6,795,"13:15:00",LAVA,3,HEAT,11.44,,0,STEEL,15,24690,104.88,30000,5.43,0,0,13.21,20.72,30,0,0,8230,163018.97,4
LAVA,7,705,"11:45:00",LAVA,3,HEAT,11.35,,0,STEEL,20,24690,105.75,30000,6.13,0,0,12.77,23.18,32.73,0,0,8230,183829.91,4
LAVA,8,630,"10:30:00",LAVA,3,HEAT,11.26,,0,STEEL,26,24690,106.59,30000,6.86,0,0,11.9,25.73,37.65,0,0,8230,205714.29,4
LAVA,9,570,"9:30:00",LAVA,3,HEAT,11.17,,0,STEEL,34,24690,107.41,30000,7.58,0,0,10.53,28.22,40,0,0,8230,227368.61,4
LAVA,10,750,"12:30:00",LAVA,4,HEAT,14.79,,0,STEEL,44,32540,108.2,30000,7.68,1,0,1.33,28.39,42.04,0,0,8135,230400.15,4
LAVA,11,690,"11:30:00",LAVA,4,HEAT,14.68,,0,STEEL,56,32540,108.97,30000,8.35,0,0,8.7,30.64,46.08,0,0,8135,250434.61,4
LAVA,12,615,"10:15:00",LAVA,4,HEAT,14.58,,0,SCREWS,24,32540,109.71,30000,9.37,0,0,12.2,34.15,48,0,0,8135,280975.83,4
LAVA,13,540,"9:00:00",LAVA,4,HEAT,14.49,,0,SCREWS,30,32540,110.44,30000,10.67,0,0,13.89,38.63,55.71,0,0,8135,320000,4
LAVA,14,480,"8:00:00",LAVA,4,HEAT,14.4,,0,SCREWS,38,32540,111.14,30000,12,0,0,12.5,43.19,58.71,0,0,8135,360000.36,4
LAVA,15,690,"11:30:00",LAVA,6,HEAT,21.46,,0,SCREWS,48,47010,111.83,30000,12.52,2,0,4.35,44.79,61.46,0,0,7835,375651.91,4
LAVA,16,615,"10:15:00",LAVA,6,HEAT,21.34,,0,SCREWS,61,47010,112.49,30000,14.05,0,0,12.2,49.96,66.18,0,0,7835,421463.74,4
LAVA,17,570,"9:30:00",LAVA,6,HEAT,21.21,,0,SCREWS,76,47010,113.14,30000,15.16,0,0,7.89,53.59,68.18,0,0,7835,454737.23,4
LAVA,18,525,"8:45:00",LAVA,6,HEAT,21.09,,0,SCREWS,96,47010,113.78,30000,16.46,0,0,8.57,57.86,71.86,0,0,7835,493714.74,4
LAVA,19,480,"8:00:00",LAVA,6,HEAT,20.98,,0,SCREWS,120,47010,114.4,30000,18,0,0,9.38,62.94,73.47,0,0,7835,540000.54,4
LAVA,20,480,"8:00:00",LAVA,8,HEAT,27.83,,0,SCREWS,150,56680,115,30000,24,2,0,33.33,83.48,75,0,0,7085,720000.72,4
MUD,1,0.166667,"0:00:10",MUD,1,EARTH,3,,0,EARTH,1,0,100,1,8640,0,0,0,25920,28800,0,0,0,8640,0
MUD,2,0.166667,"0:00:10",MUD,2,EARTH,6,,0,MUD,3,0,100,1,17280,1,0,100,51840,57600,0,0,0,17280,0
MUD,3,0.233333,"0:00:14",MUD,4,EARTH,12,,0,MUD,6,0,100,1,25440,2,0,47.22,76320,86400,0,0,0,25440,0
MUD,4,0.616667,"0:00:37",MUD,14,EARTH,42,,0,CLAY,2,2,100,1,33120,10,0,30.19,99360,129600,0,0,0.1429,33120,7
MUD,5,1,"0:01:00",MUD,28,EARTH,84,,0,SAND,2,4,100,1,40320,14,0,21.74,120960,216000,0,0,0.1429,40320,7
MUD,6,2,"0:02:00",MUD,65,EARTH,195,,0,SAND,4,10,100,1,46800,37,0,16.07,140400,264000,0,0,0.1538,46800,7
MUD,7,5,"0:05:00",MUD,185,EARTH,555,,0,SAND,6,27,100,1,53280,120,0,13.85,159840,264000,0,0,0.1459,53280,7
MUD,8,10,"0:10:00",MUD,412,EARTH,1236,,0,SAND,20,59,100,1,59280,227,0,11.26,177840,360000,0,0,0.1432,59280,7
MUD,9,20,"0:20:00",MUD,903,EARTH,2709,,0,SAND,35,129,100,1,65040,491,0,9.72,195120,360000,0,0,0.1429,65040,7
MUD,10,30,"0:30:00",MUD,1470,EARTH,4410,,0,SAND,50,210,100,1,70560,567,0,8.49,211680,360000,0,0,0.1429,70560,7
MUD,11,40,"0:40:00",MUD,2107,EARTH,6321,,0,COPPER,2,301,100,1,75840,637,0,7.48,227520,360000,0,0,0.1429,75840,7
MUD,12,44.983333,"0:44:59",MUD,2527,EARTH,7581,,0,COPPER,3,361,100,1,80880,420,0,6.65,242640,360000,0,0,0.1429,80880,7
MUD,13,50,"0:50:00",MUD,2975,EARTH,8925,,0,COPPER,5,425,100,1,85680,448,0,5.93,257040,360000,0,0,0.1429,85680,7
MUD,14,54,"0:54:00",MUD,3384,EARTH,10152,,0,COPPER,8,484,100,1,90240,409,0,5.32,270720,360000,0,0,0.143,90240,7
MUD,15,57,"0:57:00",MUD,3743,EARTH,11229,,0,COPPER,12,535,100,1,94560,359,0,4.79,283680,360000,0,0,0.1429,94560,7
MUD,16,60,"1:00:00",MUD,4110,EARTH,12330,,0,COPPER,16,588,100,1,98640,367,0,4.31,295920,360000,0,0,0.1431,98640,7
MUD,17,62,"1:02:00",MUD,4412,EARTH,13236,,0,COPPER,21,631,100,1,102480,302,0,3.89,307440,360000,0,0,0.143,102480,7
MUD,18,64,"1:04:00",MUD,4714,EARTH,14142,,0,COPPER,26,674,100,1,106065,302,0,3.5,318195,360000,0,0,0.143,106065,7
MUD,19,66,"1:06:00",MUD,5016,EARTH,15048,,0,COPPER,32,717,100,1,109440,302,0,3.18,328320,360000,0,0,0.1429,109440,7
MUD,20,68,"1:08:00",MUD,5315,EARTH,15945,,0,COPPER,39,760,100,1,112560,299,0,2.85,337680,360000,0,0,0.143,112560,7
MUD,21,70,"1:10:00",MUD,5611,EARTH,16833,,0,COPPER,47,802,100,1,115440,296,0,2.56,346320,360000,0,0,0.1429,115440,7
MUD,22,72,"1:12:00",MUD,5910,EARTH,17730,,0,COPPER,55,845,100,1,118200,299,0,2.39,354600,360000,0,0,0.143,118200,7
MUD,23,74,"1:14:00",MUD,6210,EARTH,18630,,0,COPPER,64,888,100,1,120840,300,0,2.23,362520,360000,0,0,0.143,120840,7
MUD,24,76,"1:16:00",MUD,6511,EARTH,19533,,0,COPPER,75,931,100,1,123360,301,0,2.09,370080,360000,0,0,0.143,123360,7
MUD,25,78,"1:18:00",MUD,6812,EARTH,20436,,0,STEEL,17,974,100,1,125760,301,0,1.95,377280,360000,0,0,0.143,125760,7
MUD,26,80,"1:20:00",MUD,7116,EARTH,21348,,0,STEEL,20,1017,100,1,128088,304,0,1.85,384264,360000,0,0,0.1429,128088,7
MUD,27,82,"1:22:00",MUD,7422,EARTH,22266,,0,STEEL,23,1061,100,1,130344,306,0,1.76,391032,360000,0,0,0.143,130344,7
MUD,28,83.983333,"1:23:59",MUD,7730,EARTH,23190,,0,STEEL,26,1105,100,1,132528,308,0,1.68,397584,360000,0,0,0.1429,132528,7
MUD,29,86,"1:26:00",MUD,8042,EARTH,24126,,0,STEEL,30,1149,100,1,134664,312,0,1.61,403992,360000,0,0,0.1429,134664,7
MUD,30,88,"1:28:00",MUD,8357,EARTH,25071,,0,STEEL,34,1194,100,1,136752,315,0,1.55,410256,360000,0,0,0.1429,136752,7
MUD,31,90,"1:30:00",MUD,8675,EARTH,26025,,0,STEEL,39,1240,100,1,138792,318,0,1.49,416376,360000,0,0,0.1429,138792,7
MUD,32,91.75,"1:31:45",MUD,8970,EARTH,26910,,0,STEEL,44,1282,100,1,140784,295,0,1.44,422352,360000,0,0,0.1429,140784,7
MUD,33,93.5,"1:33:30",MUD,9268,EARTH,27804,,0,STEEL,50,1324,100,1,142728,298,0,1.38,428184,360000,0,0,0.1429,142728,7
MUD,34,95.25,"1:35:15",MUD,9566,EARTH,28698,,0,STEEL,56,1367,100,1,144624,298,0,1.33,433872,360000,0,0,0.1429,144624,7
MUD,35,97,"1:37:00",MUD,9866,EARTH,29598,,0,STEEL,64,1410,100,1,146472,300,0,1.28,439416,360000,0,0,0.1429,146472,7
MUD,36,98.75,"1:38:45",MUD,10168,EARTH,30504,,0,STEEL,72,1453,100,1,148272,302,0,1.23,444816,360000,0,0,0.1429,148272,7
MUD,37,100.5,"1:40:30",MUD,10471,EARTH,31413,,0,STEEL,81,1496,100,1,150024,303,0,1.18,450072,360000,0,0,0.1429,150024,7
MUD,38,102,"1:42:00",MUD,10748,EARTH,32244,,0,STEEL,91,1536,100,1,151728,277,0,1.14,455184,360000,0,0,0.1429,151728,7
MUD,39,103.5,"1:43:30",MUD,11026,EARTH,33078,,0,SCREWS,34,1576,100,1,153408,278,0,1.11,460224,360000,0,0,0.1429,153408,7
MUD,40,105,"1:45:00",MUD,11306,EARTH,33918,,0,SCREWS,39,1616,100,1,155064,280,0,1.08,465192,360000,0,0,0.1429,155064,7
MUD,41,106.483333,"1:46:29",MUD,11588,EARTH,34764,,0,SCREWS,43,1656,100,1,156696,282,0,1.05,470088,360000,0,0,0.1429,156696,7
MUD,42,108,"1:48:00",MUD,11872,EARTH,35616,,0,SCREWS,49,1696,100,1,158304,284,0,1.03,474912,360000,0,0,0.1429,158304,7
MUD,43,109.5,"1:49:30",MUD,12159,EARTH,36477,,0,SCREWS,55,1737,100,1,159888,287,0,1,479664,360000,0,0,0.1429,159888,7
MUD,44,110.983333,"1:50:59",MUD,12444,EARTH,37332,,0,SCREWS,62,1778,100,1,161448,285,0,0.98,484344,360000,0,0,0.1429,161448,7
MUD,45,112.5,"1:52:30",MUD,12733,EARTH,38199,,0,SCREWS,69,1819,100,1,162984,289,0,0.95,488952,360000,0,0,0.1429,162984,7
MUD,46,114,"1:54:00",MUD,13023,EARTH,39069,,0,SCREWS,78,1861,100,1,164496,290,0,0.93,493488,360000,0,0,0.1429,164496,7
MUD,47,115.5,"1:55:30",MUD,13314,EARTH,39942,,0,SCREWS,87,1902,100,1,165984,291,0,0.9,497952,360000,0,0,0.1429,165984,7
MUD,48,117,"1:57:00",MUD,13605,EARTH,40815,,0,SCREWS,100,1944,100,1,167448,291,0,0.88,502344,360000,0,0,0.1429,167448,7
MUD,49,118.5,"1:58:30",MUD,13897,EARTH,41691,,0,SCREWS,120,1986,100,1,168874.94,292,0,0.85,506624.81,360000,0,0,0.1429,168874.94,7
MUD,50,120,"2:00:00",MUD,14192,EARTH,42576,,0,SCREWS,150,2028,100,1,170304,295,0,0.85,510912,360000,0,0,0.1429,170304,7
NAIL,1,1,"0:01:00",NAIL,1,BEAM,3,STEEL,12,SCREWS,5,100,100,5,1440,0,0,0,4320,1440,17280,2,100,7200,0
NEST,1,120,"2:00:00",NEST,1,WIRE,3,,0,COPPER,1,150,100,3500,12,0,0,0,36,16,0,0,150,42000,23
NEST,2,120,"2:00:00",NEST,2,WIRE,6,,0,COPPER,4,300,100,3500,24,1,0,100,72,41.14,0,0,150,84000,23
NEST,3,135,"2:15:00",NEST,3,WIRE,9,,0,COPPER,6,450,100,3500,32,1,0,33.33,96,50.09,0,0,150,112000,23
NEST,4,150,"2:30:00",NEST,4,WIRE,12,,0,COPPER,9,600,100,3500,38.4,1,0,20,115.2,58.78,0,0,150,134400,23
NEST,5,165,"2:45:00",NEST,5,WIRE,15,,0,COPPER,12,750,100,3500,43.64,1,0,13.64,130.91,65.21,0,0,150,152727.27,23
NEST,6,180,"3:00:00",NEST,6,WIRE,18,,0,COPPER,16,900,100,3500,48,1,0,10,144,70.74,0,0,150,168000,23
NEST,7,195,"3:15:00",NEST,7,WIRE,21,,0,STEEL,4,1050,100,3500,51.69,1,0,7.69,155.08,70.74,0,0,150,180923.08,23
NEST,8,210,"3:30:00",NEST,8,WIRE,24,,0,STEEL,8,1200,100,3500,54.86,1,0,6.12,164.57,88.62,0,0,150,192000,23
NEST,9,225,"3:45:00",NEST,9,WIRE,27,,0,STEEL,11,1350,100,3500,57.6,1,0,5,172.8,91.83,0,0,150,201600,23
NEST,10,240,"4:00:00",NEST,10,WIRE,30,,0,STEEL,15,1500,100,3500,60,1,0,4.17,180,102.58,0,0,150,210000,23
NEST,11,255,"4:15:00",NEST,11,WIRE,33,,0,STEEL,19,1650,100,3500,62.12,1,0,3.53,186.35,110.77,0,0,150,217411.76,23
NEST,12,270,"4:30:00",NEST,12,WIRE,36,,0,STEEL,24,1800,100,3500,64,1,0,3.03,192,124.92,0,0,150,224000,23
NEST,13,285,"4:45:00",NEST,13,WIRE,39,,0,STEEL,30,1950,100,3500,65.68,1,0,2.63,197.05,132.41,0,0,150,229894.74,23
NEST,14,300,"5:00:00",NEST,14,WIRE,42,,0,SCREWS,12,2100,100,3500,67.2,1,0,2.31,201.6,132.41,0,0,150,235200,23
NEST,15,315,"5:15:00",NEST,15,WIRE,45,,0,SCREWS,24,2250,100,3500,68.57,1,0,2.04,205.71,176.84,0,0,150,240000,23
NEST,16,330,"5:30:00",NEST,16,WIRE,48,,0,SCREWS,33,2400,100,3500,69.82,1,0,1.82,209.45,187.2,0,0,150,244363.64,23
NEST,17,345,"5:45:00",NEST,17,WIRE,51,,0,SCREWS,43,2550,100,3500,70.96,1,0,1.63,212.87,207.88,0,0,150,248347.83,23
NEST,18,360,"6:00:00",NEST,18,WIRE,54,,0,SCREWS,55,2700,100,3500,72,1,0,1.47,216,215.48,0,0,150,252000,23
NEST,19,375,"6:15:00",NEST,20,WIRE,60,,0,SCREWS,70,3000,100,3500,76.8,2,0,6.67,230.4,224.88,0,0,150,268800,23
NEST,20,390,"6:30:00",NEST,22,WIRE,66,,0,SCREWS,85,3300,100,3500,81.23,2,0,5.77,243.69,237.18,0,0,150,284307.69,23
NEST,21,405,"6:45:00",NEST,24,WIRE,72,,0,SCREWS,92,3600,100,3500,85.33,2,0,5.05,256,244.8,0,0,150,298666.67,23
NEST,22,420,"7:00:00",NEST,26,WIRE,78,,0,SCREWS,110,3900,100,3500,89.14,2,0,4.46,267.43,257.14,0,0,150,312000,23
NEST,23,440,"7:20:00",NEST,28,WIRE,84,,0,SCREWS,124,4200,100,3500,91.64,2,0,2.8,274.91,265.09,0,0,150,320727.27,23
NEST,24,460,"7:40:00",NEST,30,WIRE,90,,0,SCREWS,142,4500,100,3500,93.91,2,0,2.48,281.74,275.48,0,0,150,328695.65,23
NEST,25,480,"8:00:00",NEST,32,WIRE,96,,0,SCREWS,175,4800,100,3500,96,2,0,2.22,288,288,0,0,150,336000,23
OIL,1,5760,"96:00:00",OIL,1,FUEL,3,,0,FUEL,1,262500,100,3500000,0.25,0,0,0,0.75,0.43,0,0,262500,875000,13
OIL,2,4320,"72:00:00",OIL,1,FUEL,2.97,,0,SCREWS,10,262500,101.18,3500000,0.33,0,0,33.33,0.99,0.69,0,0,262500,1166666.67,13
OIL,3,3360,"56:00:00",OIL,1,FUEL,2.93,,0,SCREWS,15,262500,102.46,3500000,0.43,0,0,28.57,1.25,1.04,0,0,262500,1500000.21,13
OIL,4,2760,"46:00:00",OIL,1,FUEL,2.89,,0,SCREWS,23,262500,103.85,3500000,0.52,0,0,21.74,1.51,1.2,0,0,262500,1826086.64,13
OIL,5,2280,"38:00:00",OIL,1,FUEL,2.85,,0,SCREWS,33,262500,105.36,3500000,0.63,0,0,21.05,1.8,1.5,0,0,262500,2210526.78,13
OIL,6,1920,"32:00:00",OIL,1,FUEL,2.8,,0,SCREWS,47,262500,106.99,3500000,0.75,0,0,18.75,2.1,1.71,0,0,262500,2625000.66,13
OIL,7,1560,"26:00:00",OIL,1,FUEL,2.76,,0,SCREWS,66,262500,108.76,3500000,0.92,0,0,23.08,2.55,2,0,0,262500,3230770.22,13
OIL,8,1200,"20:00:00",OIL,1,FUEL,2.71,,0,SCREWS,91,262500,110.67,3500000,1.2,0,0,30,3.25,2.29,0,0,262500,4200001.68,13
OIL,9,900,"15:00:00",OIL,1,FUEL,2.66,,0,SCREWS,127,262500,112.75,3500000,1.6,0,0,33.33,4.26,2.67,0,0,262500,5600000,13
OIL,10,600,"10:00:00",OIL,1,FUEL,2.61,,0,SCREWS,175,262500,115,3500000,2.4,0,0,50,6.26,3,0,0,262500,8399993.28,13
OXYGEN,1,900,"15:00:00",OXYGEN,1,ALGAE,3,,0,ALGAE,1,18500,100,135000,1.6,0,0,0,4.8,4,0,0,18500,216000,7
OXYGEN,2,1500,"25:00:00",OXYGEN,2,ALGAE,5.94,,0,SCREWS,3,35000,101.05,135000,1.92,1,0,20,5.7,7.11,0,0,17500,259199.92,8
OXYGEN,3,1260,"21:00:00",OXYGEN,2,ALGAE,5.88,,0,SCREWS,4,35000,102.06,135000,2.29,0,0,19.05,6.72,8,0,0,17500,308571.43,8
OXYGEN,4,1080,"18:00:00",OXYGEN,2,ALGAE,5.82,,0,SCREWS,5,35000,103.04,135000,2.67,0,0,16.67,7.76,8,0,0,17500,360000,8
OXYGEN,5,1560,"26:00:00",OXYGEN,3,ALGAE,8.66,,0,SCREWS,7,51000,103.97,135000,2.77,1,0,3.85,7.99,9.14,0,0,17000,373846.27,8
OXYGEN,6,1380,"23:00:00",OXYGEN,3,ALGAE,8.58,,0,SCREWS,9,51000,104.88,135000,3.13,0,0,13.04,8.95,10.67,0,0,17000,422608.84,8
OXYGEN,7,1260,"21:00:00",OXYGEN,3,ALGAE,8.51,,0,SCREWS,11,51000,105.75,135000,3.43,0,0,9.52,9.73,12,0,0,17000,462857.14,8
OXYGEN,8,1200,"20:00:00",OXYGEN,3,ALGAE,8.44,,0,SCREWS,13,51000,106.59,135000,3.6,0,0,5,10.13,12.52,0,0,17000,486000.19,8
OXYGEN,9,1140,"19:00:00",OXYGEN,3,ALGAE,8.38,,0,SCREWS,17,51000,107.41,135000,3.79,0,0,5.26,10.58,13.71,0,0,17000,511578.73,8
OXYGEN,10,1500,"25:00:00",OXYGEN,4,ALGAE,11.09,,0,SCREWS,21,67400,108.2,135000,3.84,1,0,1.33,10.65,15.16,0,0,16850,518399.83,8
OXYGEN,11,1320,"22:00:00",OXYGEN,4,ALGAE,11.01,,0,SCREWS,25,67400,108.97,135000,4.36,0,0,13.64,12.01,15.16,0,0,16850,589090.69,8
OXYGEN,12,1170,"19:30:00",OXYGEN,4,ALGAE,10.94,,0,SCREWS,31,67400,109.71,135000,4.92,0,0,12.82,13.46,16.46,0,0,16850,664615.38,8
OXYGEN,13,1050,"17:30:00",OXYGEN,4,ALGAE,10.87,,0,SCREWS,38,67400,110.44,135000,5.49,0,0,11.43,14.9,18,0,0,16850,740571.09,8
OXYGEN,14,960,"16:00:00",OXYGEN,4,ALGAE,10.8,,0,SCREWS,47,67400,111.14,135000,6,0,0,9.37,16.2,18.29,0,0,16850,809999.6,8
OXYGEN,15,1140,"19:00:00",OXYGEN,5,ALGAE,13.41,,0,SCREWS,58,83500,111.83,135000,6.32,1,0,5.26,16.94,20.21,0,0,16700,852631.22,8
OXYGEN,16,990,"16:30:00",OXYGEN,5,ALGAE,13.33,,0,SCREWS,70,83500,112.49,135000,7.27,0,0,15.15,19.4,21.33,0,0,16700,981818.18,8
OXYGEN,17,840,"14:00:00",OXYGEN,5,ALGAE,13.26,,0,SCREWS,86,83500,113.14,135000,8.57,0,0,17.86,22.73,22.59,0,0,16700,1157143.52,8
OXYGEN,18,720,"12:00:00",OXYGEN,5,ALGAE,13.18,,0,SCREWS,104,83500,113.78,135000,10,0,0,16.67,26.37,24,0,0,16700,1350000,8
OXYGEN,19,600,"10:00:00",OXYGEN,5,ALGAE,13.11,,0,SCREWS,127,83500,114.4,135000,12,0,0,20,31.47,30,0,0,16700,1619998.7,8
OXYGEN,20,480,"8:00:00",OXYGEN,6,ALGAE,15.65,,0,SCREWS,155,99000,115,135000,18,1,0,50,46.96,30,0,0,16500,2430002.43,8
PAINT,1,1,"0:01:00",PAINT,1,NAIL,4,GAS,2,SCREWS,5,100,100,5,1440,0,0,0,5760,1440,2880,1,100,7200,0
PAPERWRAP,1,15,"0:15:00",PAPERWRAP,1,DUST,2,,0,SCREWS,1,100,100,25,96,0,0,0,192,0,0,0,100,2400,0
PAPERWRAP,2,15,"0:15:00",PAPERWRAP,2,DUST,4,,0,COPPER,2,200,100,25,192,1,0,100,384,0,0,0,100,4800,0
PAPERWRAP,3,20,"0:20:00",PAPERWRAP,3,DUST,6,,0,COPPER,3,300,100,25,216,1,0,12.5,432,0,0,0,100,5400,0
PAPERWRAP,4,25,"0:25:00",PAPERWRAP,4,DUST,8,,0,COPPER,5,400,100,25,230.4,1,0,6.67,460.8,0,0,0,100,5760,0
PAPERWRAP,5,30,"0:30:00",PAPERWRAP,5,DUST,10,,0,COPPER,7,500,100,25,240,1,0,4.17,480,0,0,0,100,6000,0
PAPERWRAP,6,35,"0:35:00",PAPERWRAP,6,DUST,12,,0,COPPER,10,600,100,25,246.86,1,0,2.86,493.71,0,0,0,100,6171.43,0
PAPERWRAP,7,40,"0:40:00",PAPERWRAP,7,DUST,14,,0,COPPER,13,700,100,25,252,1,0,2.08,504,0,0,0,100,6300,0
PAPERWRAP,8,45,"0:45:00",PAPERWRAP,8,DUST,16,,0,COPPER,17,800,100,25,256,1,0,1.59,512,0,0,0,100,6400,0
PAPERWRAP,9,50,"0:50:00",PAPERWRAP,9,DUST,18,,0,STEEL,6,900,100,25,259.2,1,0,1.25,518.4,0,0,0,100,6480,0
PAPERWRAP,10,55,"0:55:00",PAPERWRAP,10,DUST,20,,0,STEEL,8,1000,100,25,261.82,1,0,1.01,523.64,0,0,0,100,6545.45,0
PAPERWRAP,11,60,"1:00:00",PAPERWRAP,12,DUST,24,,0,STEEL,10,1200,100,25,288,2,0,10,576,0,0,0,100,7200,0
PAPERWRAP,12,65,"1:05:00",PAPERWRAP,14,DUST,28,,0,STEEL,13,1400,100,25,310.15,2,0,7.69,620.31,0,0,0,100,7753.85,0
PAPERWRAP,13,70,"1:10:00",PAPERWRAP,16,DUST,32,,0,STEEL,17,1600,100,25,329.14,2,0,6.12,658.29,0,0,0,100,8228.57,0
PAPERWRAP,14,75,"1:15:00",PAPERWRAP,18,DUST,36,,0,STEEL,20,1800,100,25,345.6,2,0,5,691.2,0,0,0,100,8640,0
PAPERWRAP,15,80,"1:20:00",PAPERWRAP,20,DUST,40,,0,STEEL,24,2000,100,25,360,2,0,4.17,720,0,0,0,100,9000,0
PAPERWRAP,16,85,"1:25:00",PAPERWRAP,22,DUST,44,,0,STEEL,30,2200,100,25,372.71,2,0,3.53,745.41,0,0,0,100,9317.65,0
PAPERWRAP,17,90,"1:30:00",PAPERWRAP,24,DUST,48,,0,SCREWS,11,2400,100,25,384,2,0,3.03,768,0,0,0,100,9600,0
PAPERWRAP,18,100,"1:40:00",PAPERWRAP,28,DUST,56,,0,SCREWS,16,2800,100,25,403.2,4,0,5,806.4,0,0,0,100,10080,0
PAPERWRAP,19,110,"1:50:00",PAPERWRAP,32,DUST,64,,0,SCREWS,22,3200,100,25,418.91,4,0,3.9,837.82,0,0,0,100,10472.73,0
PAPERWRAP,20,120,"2:00:00",PAPERWRAP,36,DUST,72,,0,SCREWS,27,3600,100,25,432,4,0,3.13,864,0,0,0,100,10800,0
PAPERWRAP,21,130,"2:10:00",PAPERWRAP,41,DUST,82,,0,SCREWS,33,4100,100,25,454.15,5,0,5.13,908.31,0,0,0,100,11353.85,0
PAPERWRAP,22,140,"2:20:00",PAPERWRAP,45,DUST,90,,0,SCREWS,40,4500,100,25,462.86,4,0,1.92,925.71,0,0,0,100,11571.43,0
PAPERWRAP,23,150,"2:30:00",PAPERWRAP,50,DUST,100,,0,SCREWS,46,5000,100,25,480,5,0,3.7,960,0,0,0,100,12000,0
PAPERWRAP,24,165,"2:45:00",PAPERWRAP,56,DUST,112,,0,SCREWS,54,5600,100,25,488.73,6,0,1.82,977.45,0,0,0,100,12218.18,0
PAPERWRAP,25,180,"3:00:00",PAPERWRAP,62,DUST,124,,0,SCREWS,61,6200,100,25,496,6,0,1.49,992,0,0,0,100,12400,0
PAPERWRAP,26,195,"3:15:00",PAPERWRAP,68,DUST,136,,0,SCREWS,69,6800,100,25,502.15,6,0,1.24,1004.31,0,0,0,100,12553.85,0
PAPERWRAP,27,210,"3:30:00",PAPERWRAP,74,DUST,148,,0,SCREWS,78,7400,100,25,507.43,6,0,1.05,1014.86,0,0,0,100,12685.71,0
PAPERWRAP,28,225,"3:45:00",PAPERWRAP,80,DUST,160,,0,SCREWS,87,8000,100,25,512,6,0,0.9,1024,0,0,0,100,12800,0
PAPERWRAP,29,240,"4:00:00",PAPERWRAP,100,DUST,200,,0,SCREWS,96,10000,100,25,600,20,0,17.19,1200,0,0,0,100,15000,0
PAPERWRAP,30,240,"4:00:00",PAPERWRAP,120,DUST,240,,0,SCREWS,106,12000,100,25,720,20,0,20,1440,0,0,0,100,18000,0
PAPERWRAP,31,240,"4:00:00",PAPERWRAP,140,DUST,280,,0,SCREWS,116,14000,100,25,840,20,0,16.67,1680,0,0,0,100,21000,0
PAPERWRAP,32,240,"4:00:00",PAPERWRAP,160,DUST,320,,0,SCREWS,128,16000,100,25,960,20,0,14.29,1920,0,0,0,100,24000,0
PAPERWRAP,33,240,"4:00:00",PAPERWRAP,180,DUST,360,,0,SCREWS,139,18000,100,25,1080,20,0,12.5,2160,0,0,0,100,27000,0
PAPERWRAP,34,240,"4:00:00",PAPERWRAP,210,DUST,420,,0,SCREWS,152,21000,100,25,1260,30,0,16.67,2520,0,0,0,100,31500,0
PAPERWRAP,35,240,"4:00:00",PAPERWRAP,240,DUST,480,,0,SCREWS,165,24000,100,25,1440,30,0,14.29,2880,0,0,0,100,36000,0
PLASTICS,1,10080,"168:00:00",PLASTICS,1,CEMENT,3,ACID,2,CEMENT,2,435000,100,6750000,0.14,0,0,0,0.43,0.37,0.29,0.22,435000,964285.71,16
PLASTICS,2,7200,"120:00:00",PLASTICS,1,CEMENT,2.97,ACID,1.98,SCREWS,15,435000,101.18,6750000,0.2,0,0,40,0.59,0.89,0.4,0.39,435000,1350000,16
PLASTICS,3,5280,"88:00:00",PLASTICS,1,CEMENT,2.93,ACID,1.95,CERAMICS,79,435000,102.46,6750000,0.27,0,0,36.36,0.8,0.89,0.53,0.48,435000,1840908.92,16
PLASTICS,4,3840,"64:00:00",PLASTICS,1,CEMENT,2.89,ACID,1.93,CERAMICS,96,435000,103.85,6750000,0.37,0,0,37.5,1.08,1,0.72,0.48,435000,2531249.68,16
PLASTICS,5,2880,"48:00:00",PLASTICS,1,CEMENT,2.85,ACID,1.9,STONE,41,435000,105.36,6750000,0.5,0,0,33.33,1.42,1.14,0.95,0.59,435000,3375000,16
PLASTICS,6,2160,"36:00:00",PLASTICS,1,CEMENT,2.8,ACID,1.87,STONE,56,435000,106.99,6750000,0.67,0,0,33.33,1.87,1.33,1.25,0.71,435000,4500000,16
PLASTICS,7,1680,"28:00:00",PLASTICS,1,CEMENT,2.76,ACID,1.84,CEMENT,13,435000,108.76,6750000,0.86,0,0,28.57,2.36,1.92,1.58,0.89,435000,5785712.63,16
PLASTICS,8,1320,"22:00:00",PLASTICS,1,CEMENT,2.71,ACID,1.81,ACID,41,435000,110.67,6750000,1.09,0,0,27.27,2.96,2.29,1.97,1.14,435000,7363633.69,16
PLASTICS,9,1020,"17:00:00",PLASTICS,1,CEMENT,2.66,ACID,1.77,ACID,63,435000,112.75,6750000,1.41,0,0,29.41,3.76,3,2.5,1.6,435000,9529416.25,16
PLASTICS,10,720,"12:00:00",PLASTICS,1,CEMENT,2.61,ACID,1.74,PLASTICS,12,435000,115,6750000,2,0,0,41.67,5.22,3,3.48,2.4,435000,13500000,16
SALT,1,180,"3:00:00",SALT,1,FIRE,10,SEAWATER,2,COPPER,3,750,100,5000,8,0,0,0,80,0,16,12,750,40000,7
SALT,2,180,"3:00:00",SALT,2,FIRE,20,SEAWATER,4,COPPER,3,1500,100,5000,16,1,0,100,160,0,32,12,750,80000,7
SALT,3,200,"3:20:00",SALT,3,FIRE,30,SEAWATER,6,COPPER,5,2250,100,5000,21.6,1,0,35,216,0,43.2,12,750,108000,7
SALT,4,220,"3:40:00",SALT,4,FIRE,40,SEAWATER,8,COPPER,8,3000,100,5000,26.18,1,0,21.21,261.82,0,52.36,12,750,130909.09,7
SALT,5,240,"4:00:00",SALT,5,FIRE,50,SEAWATER,10,COPPER,10,3750,100,5000,30,1,0,14.58,300,0,60,12,750,150000,7
SALT,6,260,"4:20:00",SALT,6,FIRE,60,SEAWATER,12,COPPER,15,4500,100,5000,33.23,1,0,10.77,332.31,0,66.46,12,750,166153.85,7
SALT,7,280,"4:40:00",SALT,7,FIRE,70,SEAWATER,14,STEEL,3,5250,100,5000,36,1,0,8.33,360,0,72,12,750,180000,7
SALT,8,300,"5:00:00",SALT,8,FIRE,80,SEAWATER,16,STEEL,5,6000,100,5000,38.4,1,0,6.67,384,0,76.8,24,750,192000,7
SALT,9,320,"5:20:00",SALT,9,FIRE,90,SEAWATER,18,STEEL,8,6750,100,5000,40.5,1,0,5.47,405,0,81,32,750,202500,7
SALT,10,335,"5:35:00",SALT,10,FIRE,100,SEAWATER,20,STEEL,10,7500,100,5000,42.99,1,0,6.14,429.85,0,85.97,35.56,750,214925.37,7
SALT,11,350,"5:50:00",SALT,11,FIRE,110,SEAWATER,22,STEEL,15,8250,100,5000,45.26,1,0,5.29,452.57,0,90.51,41.14,750,226285.71,7
SALT,12,365,"6:05:00",SALT,12,FIRE,120,SEAWATER,24,SCREWS,6,9000,100,5000,47.34,1,0,4.61,473.42,0,94.68,43.64,750,236712.33,7
SALT,13,380,"6:20:00",SALT,13,FIRE,130,SEAWATER,26,SCREWS,8,9750,100,5000,49.26,1,0,4.06,492.63,0,98.53,45.71,750,246315.79,7
SALT,14,395,"6:35:00",SALT,14,FIRE,140,SEAWATER,28,SCREWS,15,10500,100,5000,51.04,1,0,3.6,510.38,0,102.08,54.34,750,255189.87,7
SALT,15,410,"6:50:00",SALT,15,FIRE,150,SEAWATER,30,SCREWS,20,11250,100,5000,52.68,1,0,3.22,526.83,0,105.37,56.47,750,263414.63,7
SALT,16,425,"7:05:00",SALT,16,FIRE,160,SEAWATER,32,SCREWS,35,12000,100,5000,54.21,1,0,2.9,542.12,0,108.42,68.87,750,271058.82,7
SALT,17,440,"7:20:00",SALT,17,FIRE,170,SEAWATER,34,SCREWS,50,12750,100,5000,55.64,1,0,2.63,556.36,0,111.27,74.57,750,278181.82,7
SALT,18,455,"7:35:00",SALT,18,FIRE,180,SEAWATER,36,SCREWS,85,13500,100,5000,56.97,1,0,2.39,569.67,0,113.93,82.6,750,284835.16,7
SALT,19,470,"7:50:00",SALT,19,FIRE,190,SEAWATER,38,SCREWS,120,14250,100,5000,58.21,1,0,2.19,582.13,0,116.43,87.45,750,291063.83,7
SALT,20,480,"8:00:00",SALT,20,FIRE,200,SEAWATER,40,SCREWS,150,15000,100,5000,60,1,0,3.07,600,0,120,90,750,300000,7
SAND,1,2,"0:02:00",SAND,1,CLAY,3,,0,CLAY,2,0,100,75,720,0,0,0,2160,2880,0,0,0,54000,0
SAND,2,2,"0:02:00",SAND,2,CLAY,6,,0,SAND,1,8,100,75,1440,1,0,100,4320,8160,0,0,4,108000,19
SAND,3,3.533333,"0:03:32",SAND,5,CLAY,15,,0,SAND,5,20,100,75,2040,3,0,41.67,6120,8160,0,0,4,153000,19
SAND,4,5.55,"0:05:33",SAND,10,CLAY,30,,0,SAND,10,40,100,75,2592,5,0,27.06,7776,11520,0,0,4,194400,19
SAND,5,9.233333,"0:09:14",SAND,20,CLAY,60,,0,SAND,17,80,100,75,3120,10,0,20.37,9360,14040,0,0,4,234000,19
SAND,6,15.9,"0:15:54",SAND,40,CLAY,120,,0,SAND,27,160,100,75,3624,20,0,16.15,10872,15120,0,0,4,271800,19
SAND,7,24.566667,"0:24:34",SAND,70,CLAY,210,,0,SAND,40,280,100,75,4104,30,0,13.25,12312,17064,0,0,4,307800,19
SAND,8,39.466667,"0:39:28",SAND,125,CLAY,375,,0,SAND,60,500,100,75,4560,55,0,11.11,13680,17064,0,0,4,342000,19
SAND,9,64.9,"1:04:54",SAND,225,CLAY,675,,0,COPPER,3,900,100,75,4992,100,0,9.47,14976,17928,0,0,4,374400,19
SAND,10,89.333333,"1:29:20",SAND,335,CLAY,1005,,0,COPPER,5,1291,100,75,5400,110,0,8.17,16200,18720,0,0,3.8537,405000,19
SAND,11,113.283333,"1:53:17",SAND,455,CLAY,1365,,0,COPPER,10,1697,100,75,5784,120,0,7.11,17352,20112,0,0,3.7297,433800,20
SAND,12,134.766667,"2:14:46",SAND,575,CLAY,1725,,0,COPPER,15,2081,100,75,6144,120,0,6.22,18432,20736,0,0,3.6191,460800,21
SAND,13,151.933333,"2:31:56",SAND,685,CLAY,2055,,0,COPPER,21,2414,100,75,6492,110,0,5.66,19476,21312,0,0,3.5241,486900,21
SAND,14,168.716667,"2:48:43",SAND,800,CLAY,2400,,0,COPPER,28,2749,100,75,6828,115,0,5.18,20484,21840,0,0,3.4363,512100,22
SAND,15,185.233333,"3:05:14",SAND,920,CLAY,2760,,0,COPPER,36,3090,100,75,7152,120,0,4.75,21456,22320,0,0,3.3587,536400,22
SAND,16,199.683333,"3:19:41",SAND,1035,CLAY,3105,,0,COPPER,46,3402,100,75,7464,115,0,4.36,22392,22776,0,0,3.287,559800,23
SAND,17,213.3,"3:33:18",SAND,1150,CLAY,3450,,0,COPPER,57,3703,100,75,7764,115,0,4.02,23292,23208,0,0,3.22,582300,23
SAND,18,225.166667,"3:45:10",SAND,1260,CLAY,3780,,0,COPPER,71,3981,100,75,8058,110,0,3.79,24174,23616,0,0,3.1595,604350,24
SAND,19,236.383333,"3:56:23",SAND,1370,CLAY,4110,,0,COPPER,87,4250,100,75,8346,110,0,3.57,25038,24000,0,0,3.1022,625950,24
SAND,20,247.016667,"4:07:01",SAND,1480,CLAY,4440,,0,COPPER,106,4513,100,75,8628,110,0,3.38,25884,24360,0,0,3.0493,647100,25
SAND,21,257.15,"4:17:09",SAND,1590,CLAY,4770,,0,STEEL,26,4769,100,75,8904,110,0,3.2,26712,24708,0,0,2.9994,667800,25
SAND,22,266.833333,"4:26:50",SAND,1700,CLAY,5100,,0,STEEL,31,5017,100,75,9174,110,0,3.03,27522,25044,0,0,2.9512,688050,25
SAND,23,276.166667,"4:36:10",SAND,1810,CLAY,5430,,0,STEEL,37,5262,100,75,9438,110,0,2.88,28314,25368,0,0,2.9072,707850,26
SAND,24,284.4,"4:44:24",SAND,1915,CLAY,5745,,0,STEEL,44,5485,100,75,9696,105,0,2.73,29088,25680,0,0,2.8642,727200,26
SAND,25,292.4,"4:52:24",SAND,2020,CLAY,6060,,0,STEEL,53,5705,100,75,9948,105,0,2.6,29844,25980,0,0,2.8243,746100,27
SAND,26,300.883333,"5:00:53",SAND,2130,CLAY,6390,,0,STEEL,63,5933,100,75,10194,110,0,2.47,30582,26268,0,0,2.7854,764550,27
SAND,27,308.45,"5:08:27",SAND,2235,CLAY,6705,,0,STEEL,76,6142,100,75,10434,105,0,2.35,31302,26808,0,0,2.7481,782550,27
SAND,28,315.866667,"5:15:52",SAND,2340,CLAY,7020,,0,STEEL,90,6349,100,75,10668,105,0,2.24,32004,27060,0,0,2.7132,800100,28
SAND,29,323.133333,"5:23:08",SAND,2445,CLAY,7335,,0,STEEL,107,6551,100,75,10896,105,0,2.14,32688,27300,0,0,2.6793,817200,28
SAND,30,330.283333,"5:30:17",SAND,2550,CLAY,7650,,0,SCREWS,42,6748,100,75,11118,105,0,2.04,33354,27528,0,0,2.6463,833850,28
SAND,31,336.683333,"5:36:41",SAND,2650,CLAY,7950,,0,SCREWS,50,6930,100,75,11334,100,0,1.94,34002,27744,0,0,2.6151,850050,29
SAND,32,343.033333,"5:43:02",SAND,2750,CLAY,8250,,0,SCREWS,59,7109,100,75,11544,100,0,1.85,34632,27948,0,0,2.5851,865800,29
SAND,33,349.333333,"5:49:20",SAND,2850,CLAY,8550,,0,SCREWS,72,7285,100,75,11748,100,0,1.77,35244,28140,0,0,2.5561,881100,29
SAND,34,355.6,"5:55:36",SAND,2950,CLAY,8850,,0,SCREWS,105,7458,100,75,11946,100,0,1.69,35838,28488,0,0,2.5281,895950,30
SAND,35,360,"6:00:00",SAND,3035,CLAY,9105,,0,SCREWS,150,7588,100,75,12140,85,0,1.62,36420,28650.79,0,0,2.5002,910500,30
SANDWRAP,1,60,"1:00:00",SANDWRAP,1,PAPERWRAP,4,SAND,50,SCREWS,2,250,100,300,24,0,0,0,96,96,1200,720,250,7200,1
SANDWRAP,2,60,"1:00:00",SANDWRAP,2,PAPERWRAP,8,SAND,100,COPPER,7,500,100,300,48,1,0,100,192,96,2400,5784,250,14400,1
SANDWRAP,3,70,"1:10:00",SANDWRAP,3,PAPERWRAP,12,SAND,150,COPPER,10,750,100,300,61.71,1,0,28.57,246.86,96,3085.71,5784,250,18514.29,1
SANDWRAP,4,75,"1:15:00",SANDWRAP,4,PAPERWRAP,16,SAND,200,COPPER,13,1000,100,300,76.8,1,0,24.44,307.2,96,3840,6144,250,23040,1
SANDWRAP,5,85,"1:25:00",SANDWRAP,5,PAPERWRAP,20,SAND,250,COPPER,17,1250,100,300,84.71,1,0,10.29,338.82,256,4235.29,6492,250,25411.76,1
SANDWRAP,6,95,"1:35:00",SANDWRAP,6,PAPERWRAP,24,SAND,300,STEEL,6,1500,100,300,90.95,1,0,7.37,363.79,259.2,4547.37,7152,250,27284.21,1
SANDWRAP,7,105,"1:45:00",SANDWRAP,8,PAPERWRAP,32,SAND,400,STEEL,8,2000,100,300,109.71,2,0,20.63,438.86,261.82,5485.71,7464,250,32914.29,1
SANDWRAP,8,115,"1:55:00",SANDWRAP,10,PAPERWRAP,40,SAND,500,STEEL,10,2500,100,300,125.22,2,0,14.13,500.87,288,6260.87,7764,250,37565.22,1
SANDWRAP,9,125,"2:05:00",SANDWRAP,11,PAPERWRAP,44,SAND,550,STEEL,13,2750,100,300,126.72,1,0,1.2,506.88,310.15,6336,8058,250,38016,1
SANDWRAP,10,135,"2:15:00",SANDWRAP,13,PAPERWRAP,52,SAND,650,STEEL,17,3250,100,300,138.67,2,0,9.43,554.67,329.14,6933.33,8346,250,41600,1
SANDWRAP,11,145,"2:25:00",SANDWRAP,15,PAPERWRAP,60,SAND,750,STEEL,20,3750,100,300,148.97,2,0,7.43,595.86,345.6,7448.28,8628,250,44689.66,1
SANDWRAP,12,160,"2:40:00",SANDWRAP,17,PAPERWRAP,68,SAND,850,STEEL,24,4250,100,300,153,2,0,2.71,612,360,7650,8904,250,45900,1
SANDWRAP,13,170,"2:50:00",SANDWRAP,19,PAPERWRAP,76,SAND,950,STEEL,30,4750,100,300,160.94,2,0,5.19,643.76,372.71,8047.06,9174,250,48282.35,1
SANDWRAP,14,185,"3:05:00",SANDWRAP,22,PAPERWRAP,88,SAND,1100,SCREWS,11,5500,100,300,171.24,3,0,6.4,684.97,384,8562.16,9438,250,51372.97,1
SANDWRAP,15,200,"3:20:00",SANDWRAP,25,PAPERWRAP,100,SAND,1250,SCREWS,16,6250,100,300,180,3,0,5.11,720,403.2,9000,9948,250,54000,1
SANDWRAP,16,215,"3:35:00",SANDWRAP,28,PAPERWRAP,112,SAND,1400,SCREWS,22,7000,100,300,187.53,3,0,4.19,750.14,418.91,9376.74,10194,250,56260.47,1
SANDWRAP,17,230,"3:50:00",SANDWRAP,31,PAPERWRAP,124,SAND,1550,SCREWS,27,7750,100,300,194.09,3,0,3.49,776.35,432,9704.35,10668,250,58226.09,1
SANDWRAP,18,245,"4:05:00",SANDWRAP,35,PAPERWRAP,140,SAND,1750,SCREWS,33,8750,100,300,205.71,4,0,5.99,822.86,454.15,10285.71,10896,250,61714.29,1
SANDWRAP,19,260,"4:20:00",SANDWRAP,38,PAPERWRAP,152,SAND,1900,SCREWS,40,9500,100,300,210.46,3,0,2.31,841.85,462.86,10523.08,11118,250,63138.46,1
SANDWRAP,20,280,"4:40:00",SANDWRAP,42,PAPERWRAP,168,SAND,2100,SCREWS,46,10500,100,300,216,4,0,2.63,864,480,10800,11334,250,64800,1
SANDWRAP,21,300,"5:00:00",SANDWRAP,47,PAPERWRAP,188,SAND,2350,SCREWS,54,11750,100,300,225.6,5,0,4.44,902.4,488.73,11280,11544,250,67680,1
SANDWRAP,22,315,"5:15:00",SANDWRAP,50,PAPERWRAP,200,SAND,2500,SCREWS,61,12500,100,300,228.57,3,0,1.32,914.29,496,11428.57,11544,250,68571.43,1
SANDWRAP,23,335,"5:35:00",SANDWRAP,55,PAPERWRAP,220,SAND,2750,SCREWS,69,13750,100,300,236.42,5,0,3.43,945.67,502.15,11820.9,11748,250,70925.37,1
SANDWRAP,24,360,"6:00:00",SANDWRAP,61,PAPERWRAP,244,SAND,3050,SCREWS,78,15250,100,300,244,6,0,3.21,976,507.43,12200,11946,250,73200,1
SANDWRAP,25,380,"6:20:00",SANDWRAP,66,PAPERWRAP,264,SAND,3300,SCREWS,87,16500,100,300,250.11,5,0,2.5,1000.42,512,12505.26,11946,250,75031.58,1
SANDWRAP,26,405,"6:45:00",SANDWRAP,72,PAPERWRAP,288,SAND,3600,SCREWS,96,18000,100,300,256,6,0,2.36,1024,600,12800,11946,250,76800,1
SANDWRAP,27,430,"7:10:00",SANDWRAP,78,PAPERWRAP,312,SAND,3900,SCREWS,110,19500,100,300,261.21,6,0,2.03,1044.84,720,13060.47,11946,250,78362.79,1
SANDWRAP,28,455,"7:35:00",SANDWRAP,84,PAPERWRAP,336,SAND,4200,SCREWS,122,21000,100,300,265.85,6,0,1.78,1063.38,840,13292.31,12140,250,79753.85,1
SANDWRAP,29,480,"8:00:00",SANDWRAP,90,PAPERWRAP,360,SAND,4500,SCREWS,150,22500,100,300,270,6,0,1.56,1080,1260,13500,12140,250,81000,1
SANDWRAP,30,480,"8:00:00",SANDWRAP,96,PAPERWRAP,384,SAND,4800,SCREWS,180,24000,100,300,288,6,0,6.67,1152,1440,14400,12140,250,86400,1
SCREWS,1,2880,"48:00:00",SCREWS,1,STEEL,3,,0,STEEL,1,25000,100,600000,0.5,0,0,0,1.5,2,0,0,25000,300000,24
SCREWS,2,2100,"35:00:00",SCREWS,1,STEEL,2.98,,0,SCREWS,3,25000,100.6,600000,0.69,0,0,37.14,2.04,2.38,0,0,25000,411428.67,24
SCREWS,3,1680,"28:00:00",SCREWS,1,STEEL,2.96,,0,SCREWS,5,25000,101.29,600000,0.86,0,0,25,2.54,2.44,0,0,25000,514285.57,24
SCREWS,4,1380,"23:00:00",SCREWS,1,STEEL,2.94,,0,SCREWS,7,25000,102.09,600000,1.04,0,0,21.74,3.07,2.5,0,0,25000,626087.17,24
SCREWS,5,1170,"19:30:00",SCREWS,1,STEEL,2.91,,0,SCREWS,10,25000,103.02,600000,1.23,0,0,17.95,3.58,2.62,0,0,25000,738461.54,24
SCREWS,6,1020,"17:00:00",SCREWS,1,STEEL,2.88,,0,SCREWS,13,25000,104.08,600000,1.41,0,0,14.71,4.07,2.67,0,0,25000,847059.22,24
SCREWS,7,900,"15:00:00",SCREWS,1,STEEL,2.85,,0,SCREWS,18,25000,105.31,600000,1.6,0,0,13.33,4.56,2.71,0,0,25000,960000,24
SCREWS,8,810,"13:30:00",SCREWS,1,STEEL,2.81,,0,SCREWS,24,25000,106.72,600000,1.78,0,0,11.11,5,2.74,0,0,25000,1066666.67,24
SCREWS,9,735,"12:15:00",SCREWS,1,STEEL,2.77,,0,SCREWS,32,25000,108.36,600000,1.96,0,0,10.2,5.42,2.81,0,0,25000,1175509.44,24
SCREWS,10,675,"11:15:00",SCREWS,1,STEEL,2.72,,0,SCREWS,42,25000,110.24,600000,2.13,0,0,8.89,5.81,2.84,0,0,25000,1280000,24
SCREWS,11,620,"10:20:00",SCREWS,1,STEEL,2.67,,0,SCREWS,55,25000,112.41,600000,2.32,0,0,8.87,6.2,2.88,0,0,25000,1393546.95,24
SCREWS,12,570,"9:30:00",SCREWS,1,STEEL,2.61,,0,SCREWS,72,25000,114.92,600000,2.53,0,0,8.77,6.59,2.91,0,0,25000,1515790.75,24
SCREWS,13,530,"8:50:00",SCREWS,1,STEEL,2.55,,0,SCREWS,93,25000,117.81,600000,2.72,0,0,7.55,6.92,2.94,0,0,25000,1630186.71,24
SCREWS,14,500,"8:20:00",SCREWS,1,STEEL,2.48,,0,SCREWS,120,25000,121.15,600000,2.88,0,0,6,7.13,2.97,0,0,25000,1728001.11,24
SCREWS,15,480,"8:00:00",SCREWS,1,STEEL,2.4,,0,SCREWS,155,25000,125,600000,3,0,0,4.17,7.2,3,0,0,25000,1800001.8,24
SEAWATER,1,120,"2:00:00",SEAWATER,1,WATER,16,,0,WATER,3,625,100,3250,12,0,0,0,192,0,0,0,625,39000,5
SEAWATER,2,120,"2:00:00",SEAWATER,1,WATER,12,,0,COPPER,6,625,133.35,3250,12,0,0,0,143.98,0,0,0,625,39000,5
SEAWATER,3,120,"2:00:00",SEAWATER,1,WATER,10,,0,COPPER,10,625,160,3250,12,0,0,0,120,0,0,0,625,39000,5
SEAWATER,4,120,"2:00:00",SEAWATER,1,WATER,8.8,,0,COPPER,14,625,181.85,3250,12,0,0,0,105.58,0,0,0,625,39000,5
SEAWATER,5,120,"2:00:00",SEAWATER,1,WATER,8,,0,COPPER,20,625,200,3250,12,0,0,0,96,0,0,0,625,39000,5
SEAWATER,6,120,"2:00:00",SEAWATER,2,WATER,16,,0,STEEL,5,1246,200,3250,24,1,0,100,192,0,0,0,623,78000,5
SEAWATER,7,210,"3:30:00",SEAWATER,4,WATER,32,,0,STEEL,7,2480,200,3250,27.43,2,0,14.29,219.43,0,0,0,620,89142.86,5
SEAWATER,8,315,"5:15:00",SEAWATER,7,WATER,56,,0,STEEL,9,4326,200,3250,32,3,0,16.67,256,0,0,0,618,104000,5
SEAWATER,9,405,"6:45:00",SEAWATER,10,WATER,80,,0,STEEL,11,6150,200,3250,35.56,3,0,11.11,284.44,0,0,0,615,115555.56,5
SEAWATER,10,375,"6:15:00",SEAWATER,10,WATER,77.34,,0,STEEL,14,6150,206.88,3250,38.4,0,0,8,296.99,0,0,0,615,124800,5
SEAWATER,11,350,"5:50:00",SEAWATER,10,WATER,75.07,,0,STEEL,17,6150,213.15,3250,41.14,0,0,7.14,308.84,0,0,0,615,133714.29,5
SEAWATER,12,330,"5:30:00",SEAWATER,10,WATER,73.08,,0,STEEL,20,6150,218.93,3250,43.64,0,0,6.06,318.91,0,0,0,615,141818.18,5
SEAWATER,13,315,"5:15:00",SEAWATER,10,WATER,71.34,,0,STEEL,24,6150,224.27,3250,45.71,0,0,4.76,326.14,0,0,0,615,148571.43,5
SEAWATER,14,300,"5:00:00",SEAWATER,10,WATER,69.79,,0,STEEL,29,6150,229.25,3250,48,0,0,5,335.01,0,0,0,615,156000,5
SEAWATER,15,285,"4:45:00",SEAWATER,10,WATER,68.41,,0,STEEL,35,6150,233.9,3250,50.53,0,0,5.26,345.63,0,0,0,615,164210.53,5
SEAWATER,16,275,"4:35:00",SEAWATER,10,WATER,67.15,,0,STEEL,42,6150,238.28,3250,52.36,0,0,3.64,351.61,0,0,0,615,170181.82,5
SEAWATER,17,265,"4:25:00",SEAWATER,10,WATER,66.01,,0,SCREWS,17,6150,242.4,3250,54.34,0,0,3.77,358.68,0,0,0,615,176603.77,5
SEAWATER,18,255,"4:15:00",SEAWATER,10,WATER,64.96,,0,SCREWS,20,6150,246.3,3250,56.47,0,0,3.92,366.84,0,0,0,615,183529.41,5
SEAWATER,19,240,"4:00:00",SEAWATER,10,WATER,64,,0,SCREWS,24,6150,250,3250,60,0,0,6.25,384,0,0,0,615,195000,5
SEAWATER,20,300,"5:00:00",SEAWATER,13,WATER,83.2,,0,SCREWS,28,7956,250,3250,62.4,3,0,4,399.36,0,0,0,612,202800,5
SEAWATER,21,372,"6:12:00",SEAWATER,17,WATER,108.8,,0,SCREWS,33,10370,250,3250,65.81,4,0,5.46,421.16,0,0,0,610,213870.97,5
SEAWATER,22,460,"7:40:00",SEAWATER,22,WATER,140.8,,0,SCREWS,39,13376,250,3250,68.87,5,0,4.65,440.77,0,0,0,608,223826.09,5
SEAWATER,23,522,"8:42:00",SEAWATER,26,WATER,166.4,,0,SCREWS,47,15730,250,3250,71.72,4,0,4.14,459.03,0,0,0,605,233103.45,5
SEAWATER,24,560,"9:20:00",SEAWATER,29,WATER,185.6,,0,SCREWS,55,17458,250,3250,74.57,3,0,3.97,477.26,0,0,0,602,242357.14,5
SEAWATER,25,560,"9:20:00",SEAWATER,30,WATER,192,,0,SCREWS,65,18000,250,3250,77.14,1,0,3.45,493.71,0,0,0,600,250714.29,5
SEAWATER,26,540,"9:00:00",SEAWATER,30,WATER,192,,0,SCREWS,77,18000,250,3250,80,0,0,3.7,512,0,0,0,600,260000,5
SEAWATER,27,523,"8:43:00",SEAWATER,30,WATER,180.68,,0,SCREWS,91,18000,265.66,3250,82.6,0,0,3.25,497.48,0,0,0,600,268451.24,5
SEAWATER,28,508,"8:28:00",SEAWATER,30,WATER,172.17,,0,SCREWS,108,18000,278.79,3250,85.04,0,0,2.95,488.05,0,0,0,600,276377.95,5
SEAWATER,29,494,"8:14:00",SEAWATER,30,WATER,165.47,,0,SCREWS,127,18000,290.08,3250,87.45,0,0,2.83,482.34,0,0,0,600,284210.53,5
SEAWATER,30,480,"8:00:00",SEAWATER,30,WATER,160,,0,SCREWS,150,18000,300,3250,90,0,0,2.92,480,0,0,0,600,292500,5
STEAM,1,1920,"32:00:00",STEAM,1,OXYGEN,2,LAVA,4,OXYGEN,1,100000,100,700000,0.75,0,0,0,1.5,1.6,3,3,100000,525000.13,7
STEAM,2,1680,"28:00:00",STEAM,1,OXYGEN,1.98,LAVA,3.96,SCREWS,4,100000,101,700000,0.86,0,0,14.29,1.7,2.29,3.39,5.43,100000,599999.83,7
STEAM,3,1470,"24:30:00",STEAM,1,OXYGEN,1.96,LAVA,3.92,SCREWS,5,100000,102.04,700000,0.98,0,0,14.29,1.92,2.67,3.84,5.43,100000,685714.51,7
STEAM,4,1290,"21:30:00",STEAM,1,OXYGEN,1.94,LAVA,3.88,SCREWS,7,100000,103,700000,1.12,0,0,13.95,2.17,2.77,4.34,6.13,100000,781395.64,7
STEAM,5,1170,"19:30:00",STEAM,1,OXYGEN,1.92,LAVA,3.85,SCREWS,9,100000,104,700000,1.23,0,0,10.26,2.37,3.13,4.73,6.86,100000,861538.46,7
STEAM,6,1080,"18:00:00",STEAM,1,OXYGEN,1.9,LAVA,3.81,SCREWS,12,100000,105,700000,1.33,0,0,8.33,2.54,3.6,5.08,7.68,100000,933333.33,7
STEAM,7,990,"16:30:00",STEAM,1,OXYGEN,1.89,LAVA,3.77,SCREWS,15,100000,106,700000,1.45,0,0,9.09,2.74,3.79,5.49,7.68,100000,1018181.82,7
STEAM,8,900,"15:00:00",STEAM,1,OXYGEN,1.87,LAVA,3.74,SCREWS,20,100000,107,700000,1.6,0,0,10,2.99,3.84,5.98,9.37,100000,1120000,7
STEAM,9,810,"13:30:00",STEAM,1,OXYGEN,1.85,LAVA,3.7,SCREWS,27,100000,108,700000,1.78,0,0,11.11,3.29,4.92,6.58,10.67,100000,1244444.44,7
STEAM,10,1410,"23:30:00",STEAM,2,OXYGEN,3.67,LAVA,7.34,SCREWS,36,196000,109,700000,2.04,1,0,14.89,3.75,5.49,7.5,12,98000,1429786.75,7
STEAM,11,1140,"19:00:00",STEAM,2,OXYGEN,3.64,LAVA,7.27,SCREWS,48,196000,110,700000,2.53,0,0,23.68,4.59,6,9.19,12.52,98000,1768420.31,7
STEAM,12,900,"15:00:00",STEAM,2,OXYGEN,3.6,LAVA,7.21,SCREWS,65,196000,111,700000,3.2,0,0,26.67,5.77,7.27,11.53,15.16,98000,2240000,7
STEAM,13,690,"11:30:00",STEAM,2,OXYGEN,3.57,LAVA,7.14,SCREWS,87,196000,112,700000,4.17,0,0,30.43,7.45,8.57,14.91,16.46,98000,2921737.1,7
STEAM,14,480,"8:00:00",STEAM,2,OXYGEN,3.54,LAVA,7.08,SCREWS,118,196000,113,700000,6,0,0,43.75,10.62,12,21.24,18,98000,4200004.2,7
STEAM,15,480,"8:00:00",STEAM,3,OXYGEN,5.22,LAVA,10.43,SCREWS,160,285000,115,700000,9,1,0,50,15.65,18,31.3,24,95000,6300006.3,7
STEAMWRAP,1,2880,"48:00:00",STEAMWRAP,1,SANDWRAP,50,STEAM,3,SCREWS,2,200000,100,750000,0.5,0,0,0,25,24,1.5,0.75,200000,375000,4
STEAMWRAP,2,1920,"32:00:00",STEAMWRAP,1,SANDWRAP,50,STEAM,3,SCREWS,7,200000,100,750000,0.75,0,0,50,37.5,148.97,2.25,1.12,200000,562500,4
STEAMWRAP,3,1440,"24:00:00",STEAMWRAP,1,SANDWRAP,50,STEAM,3,SCREWS,15,200000,100,750000,1,0,0,33.33,50,180,3,1.45,200000,750000,4
STEAMWRAP,4,1200,"20:00:00",STEAMWRAP,1,SANDWRAP,50,STEAM,3,SCREWS,32,200000,100,750000,1.2,0,0,20,60,205.71,3.6,2.04,200000,900000,4
STEAMWRAP,5,960,"16:00:00",STEAMWRAP,1,SANDWRAP,50,STEAM,3,SCREWS,60,200000,100,750000,1.5,0,0,25,75,228.57,4.5,3.2,200000,1125000,4
STEAMWRAP,6,840,"14:00:00",STEAMWRAP,1,SANDWRAP,50,STEAM,3,SCREWS,95,200000,100,750000,1.71,0,0,14.29,85.71,256,5.14,6,200000,1285714.29,4
STEAMWRAP,7,720,"12:00:00",STEAMWRAP,1,SANDWRAP,50,STEAM,3,SCREWS,135,200000,100,750000,2,0,0,16.67,100,270,6,9,200000,1500000,4
STEAMWRAP,8,600,"10:00:00",STEAMWRAP,1,SANDWRAP,50,STEAM,3,SCREWS,182,200000,100,750000,2.4,0,0,20,120,288,7.2,9,200000,1800000,4
STEAMWRAP,9,480,"8:00:00",STEAMWRAP,1,SANDWRAP,50,STEAM,3,SCREWS,225,200000,100,750000,3,0,0,25,150,288,9,9,200000,2250000,4
STEAMWRAP,10,480,"8:00:00",STEAMWRAP,2,SANDWRAP,100,STEAM,6,SCREWS,300,400000,100,750000,6,1,0,100,300,288,18,9,200000,4500000,4
STEEL,1,720,"12:00:00",STEEL,1,COPPER,5,,0,COPPER,2,5000,100,100000,2,0,0,0,10,24,0,0,5000,200000,20
STEEL,2,680,"11:20:00",STEEL,1,COPPER,4.86,,0,STEEL,3,5000,102.97,100000,2.12,0,0,5.88,10.28,123.6,0,0,5000,211764.81,20
STEEL,3,650,"10:50:00",STEEL,1,COPPER,4.74,,0,STEEL,5,5000,105.46,100000,2.22,0,0,4.62,10.5,139.92,0,0,5000,221538.41,20
STEEL,4,625,"10:25:00",STEEL,1,COPPER,4.65,,0,STEEL,8,5000,107.6,100000,2.3,0,0,4,10.71,155.52,0,0,5000,230399.88,20
STEEL,5,605,"10:05:00",STEEL,1,COPPER,4.57,,0,STEEL,11,5000,109.49,100000,2.38,0,0,3.31,10.87,185.04,0,0,5000,238016.47,20
STEEL,6,590,"9:50:00",STEEL,1,COPPER,4.5,,0,STEEL,15,5000,111.17,100000,2.44,0,0,2.54,10.98,198.96,0,0,5000,244067.93,20
STEEL,7,575,"9:35:00",STEEL,1,COPPER,4.44,,0,STEEL,20,5000,112.69,100000,2.5,0,0,2.61,11.11,212.16,0,0,5000,250434.5,20
STEEL,8,560,"9:20:00",STEEL,1,COPPER,4.38,,0,STEEL,26,5000,114.07,100000,2.57,0,0,2.68,11.27,224.88,0,0,5000,257142.78,20
STEEL,9,550,"9:10:00",STEEL,1,COPPER,4.34,,0,STEEL,34,5000,115.34,100000,2.62,0,0,1.82,11.35,248.4,0,0,5000,261818.49,20
STEEL,10,540,"9:00:00",STEEL,1,COPPER,4.29,,0,STEEL,44,5000,116.51,100000,2.67,0,0,1.85,11.44,259.44,0,0,5000,266666.67,20
STEEL,11,532,"8:52:00",STEEL,1,COPPER,4.25,,0,STEEL,56,5000,117.6,100000,2.71,0,0,1.5,11.51,280.08,0,0,5000,270677.02,20
STEEL,12,525,"8:45:00",STEEL,1,COPPER,4.22,,0,STEEL,72,5000,118.62,100000,2.74,0,0,1.33,11.56,289.68,0,0,5000,274285.97,20
STEEL,13,519,"8:39:00",STEEL,1,COPPER,4.18,,0,STEEL,91,5000,119.58,100000,2.77,0,0,1.16,11.6,308.16,0,0,5000,277456.39,20
STEEL,14,513,"8:33:00",STEEL,1,COPPER,4.15,,0,STEEL,115,5000,120.48,100000,2.81,0,0,1.17,11.65,317.04,0,0,5000,280701.75,20
STEEL,15,507,"8:27:00",STEEL,1,COPPER,4.12,,0,SCREWS,48,5000,121.33,100000,2.84,0,0,1.18,11.7,334.08,0,0,5000,284023.94,20
STEEL,16,500,"8:20:00",STEEL,1,COPPER,4.09,,0,SCREWS,61,5000,122.14,100000,2.88,0,0,1.4,11.79,342.48,0,0,5000,288000.18,20
STEEL,17,495,"8:15:00",STEEL,1,COPPER,4.07,,0,SCREWS,76,5000,122.9,100000,2.91,0,0,1.01,11.84,358.8,0,0,5000,290909.09,20
STEEL,18,490,"8:10:00",STEEL,1,COPPER,4.04,,0,SCREWS,96,5000,123.63,100000,2.94,0,0,1.02,11.89,366.72,0,0,5000,293877.36,20
STEEL,19,485,"8:05:00",STEEL,1,COPPER,4.02,,0,SCREWS,120,5000,124.33,100000,2.97,0,0,1.03,11.94,374.4,0,0,5000,296906.82,20
STEEL,20,480,"8:00:00",STEEL,1,COPPER,4,,0,SCREWS,150,5000,125,100000,3,0,0,1.04,12,381,0,0,5000,300000.3,20
STONE,1,1680,"28:00:00",STONE,1,COPPER,10,ALGAE,3,ALGAE,1,63350,100,575000,0.86,0,0,0,8.57,24,2.57,4,63350,492857,9
STONE,2,1500,"25:00:00",STONE,1,COPPER,9.9,ALGAE,2.97,STEEL,13,63350,101,575000,0.96,0,0,12,9.5,185.04,2.85,8,63350,551999.82,9
STONE,3,1350,"22:30:00",STONE,1,COPPER,9.8,ALGAE,2.94,STEEL,16,63350,102,575000,1.07,0,0,11.11,10.46,198.96,3.14,9.14,63350,613333.33,9
STONE,4,1230,"20:30:00",STONE,1,COPPER,9.71,ALGAE,2.91,STEEL,21,63350,103,575000,1.17,0,0,9.76,11.37,212.16,3.41,9.14,63350,673170.47,9
STONE,5,1140,"19:00:00",STONE,1,COPPER,9.62,ALGAE,2.88,STEEL,27,63350,104,575000,1.26,0,0,7.89,12.15,236.88,3.64,10.67,63350,726315.48,9
STONE,6,1050,"17:30:00",STONE,1,COPPER,9.52,ALGAE,2.86,SCREWS,12,63350,105,575000,1.37,0,0,8.57,13.06,248.4,3.92,12.52,63350,788571.07,9
STONE,7,960,"16:00:00",STONE,1,COPPER,9.43,ALGAE,2.83,CERAMICS,68,63350,106,575000,1.5,0,0,9.37,14.15,270,4.25,12.52,63350,862499.57,9
STONE,8,870,"14:30:00",STONE,1,COPPER,9.35,ALGAE,2.8,CERAMICS,90,63350,107,575000,1.66,0,0,10.34,15.47,280.08,4.64,13.71,63350,951723.61,9
STONE,9,780,"13:00:00",STONE,1,COPPER,9.26,ALGAE,2.78,STONE,40,63350,108,575000,1.85,0,0,11.54,17.09,299.04,5.13,16.46,63350,1061537.81,9
STONE,10,1320,"22:00:00",STONE,2,COPPER,18.35,ALGAE,5.5,STONE,53,124700,109,575000,2.18,1,0,18.18,20.02,317.04,6.01,18,62350,1254545,9
STONE,11,1080,"18:00:00",STONE,2,COPPER,18.18,ALGAE,5.45,CEMENT,11,124700,110,575000,2.67,0,0,22.22,24.24,334.08,7.27,18.29,62350,1533333.33,9
STONE,12,870,"14:30:00",STONE,2,COPPER,18.02,ALGAE,5.41,CEMENT,15,124700,111,575000,3.31,0,0,24.14,29.82,350.64,8.95,20.21,62350,1903447.23,9
STONE,13,660,"11:00:00",STONE,2,COPPER,17.86,ALGAE,5.36,ACID,44,124700,112,575000,4.36,0,0,31.82,38.96,366.72,11.69,22.59,62350,2509092.73,9
STONE,14,480,"8:00:00",STONE,2,COPPER,17.7,ALGAE,5.31,ACID,59,124700,113,575000,6,0,0,37.5,53.1,374.4,15.93,24,62350,3450003.45,9
STONE,15,480,"8:00:00",STONE,3,COPPER,26.09,ALGAE,7.83,PLASTICS,10,184050,115,575000,9,1,0,50,78.26,381,23.48,30,61350,5175005.18,9
SULFUR,1,7200,"120:00:00",SULFUR,1,STEEL,8,LAVA,10,LAVA,1,350000,100,4500000,0.2,0,0,0,1.6,2,2,3,350000,900000,13
SULFUR,2,5040,"84:00:00",SULFUR,1,STEEL,7.91,LAVA,9.88,SCREWS,10,350000,101.18,4500000,0.29,0,0,42.86,2.26,2.62,2.82,7.58,350000,1285714.29,13
SULFUR,3,3960,"66:00:00",SULFUR,1,STEEL,7.81,LAVA,9.76,GLASS,38,350000,102.46,4500000,0.36,0,0,27.27,2.84,2.67,3.55,7.68,350000,1636363.64,13
SULFUR,4,3240,"54:00:00",SULFUR,1,STEEL,7.7,LAVA,9.63,GLASS,57,350000,103.85,4500000,0.44,0,0,22.22,3.42,2.74,4.28,9.37,350000,2000000,13
SULFUR,5,2640,"44:00:00",SULFUR,1,STEEL,7.59,LAVA,9.49,GLASS,82,350000,105.36,4500000,0.55,0,0,22.73,4.14,2.81,5.18,12,350000,2454545.9,13
SULFUR,6,2160,"36:00:00",SULFUR,1,STEEL,7.48,LAVA,9.35,SULFUR,17,350000,106.99,4500000,0.67,0,0,22.22,4.98,2.84,6.23,12.52,350000,3000000,13
SULFUR,7,1680,"28:00:00",SULFUR,1,STEEL,7.36,LAVA,9.19,SULFUR,25,350000,108.76,4500000,0.86,0,0,28.57,6.3,2.91,7.88,15.16,350000,3857141.76,13
SULFUR,8,1260,"21:00:00",SULFUR,1,STEEL,7.23,LAVA,9.04,SULFUR,34,350000,110.67,4500000,1.14,0,0,33.33,8.26,2.94,10.33,16.46,350000,5142857.14,13
SULFUR,9,900,"15:00:00",SULFUR,1,STEEL,7.1,LAVA,8.87,FIBERGLASS,14,350000,112.75,4500000,1.6,0,0,40,11.35,3,14.19,24,350000,7200000,13
SULFUR,10,600,"10:00:00",SULFUR,1,STEEL,6.96,LAVA,8.7,FIBERGLASS,19,350000,115,4500000,2.4,0,0,50,16.7,3,20.87,24,350000,10799991.36,13
TILE,1,1,"0:01:00",TILE,1,BRICK,2,HEAT,3,SCREWS,5,100,100,5,1440,0,0,0,2880,1440,4320,9.6,100,7200,0
WARMNEST,1,1680,"28:00:00",WARMNEST,1,NEST,10,LAVA,2,STEEL,3,20000,100,150000,0.86,0,0,0,8.57,12,1.71,3,20000,128571.43,8
WARMNEST,2,1380,"23:00:00",WARMNEST,1,NEST,10,LAVA,2,STEEL,5,20000,100,150000,1.04,0,0,21.74,10.43,54.86,2.09,4.17,20000,156521.74,8
WARMNEST,3,1200,"20:00:00",WARMNEST,1,NEST,10,LAVA,2,STEEL,15,20000,100,150000,1.2,0,0,15,12,60,2.4,5.43,20000,180000,8
WARMNEST,4,1110,"18:30:00",WARMNEST,1,NEST,10,LAVA,2,STEEL,30,20000,100,150000,1.3,0,0,8.11,12.97,65.68,2.59,7.58,20000,194594.59,8
WARMNEST,5,990,"16:30:00",WARMNEST,1,NEST,10,LAVA,2,SCREWS,12,20000,100,150000,1.45,0,0,12.12,14.55,67.2,2.91,7.68,20000,218181.82,8
WARMNEST,6,900,"15:00:00",WARMNEST,1,NEST,10,LAVA,2,SCREWS,16,20000,100,150000,1.6,0,0,10,16,68.57,3.2,8.35,20000,240000,8
WARMNEST,7,780,"13:00:00",WARMNEST,1,NEST,10,LAVA,2,SCREWS,25,20000,100,150000,1.85,0,0,15.38,18.46,68.57,3.69,9.37,20000,276923.08,8
WARMNEST,8,720,"12:00:00",WARMNEST,1,NEST,10,LAVA,2,SCREWS,33,20000,100,150000,2,0,0,8.33,20,69.82,4,12,20000,300000,8
WARMNEST,9,660,"11:00:00",WARMNEST,1,NEST,10,LAVA,2,SCREWS,44,20000,100,150000,2.18,0,0,9.09,21.82,70.96,4.36,12.52,20000,327272.73,8
WARMNEST,10,600,"10:00:00",WARMNEST,2,NEST,20,LAVA,4,SCREWS,58,40000,100,150000,4.8,1,0,120,48,76.8,9.6,14.05,20000,720000,8
WARMNEST,11,540,"9:00:00",WARMNEST,2,NEST,20,LAVA,4,SCREWS,75,40000,100,150000,5.33,0,0,11.11,53.33,81.23,10.67,15.16,20000,800000,8
WARMNEST,12,510,"8:30:00",WARMNEST,2,NEST,20,LAVA,4,SCREWS,100,40000,100,150000,5.65,0,0,5.88,56.47,89.14,11.29,16.46,20000,847058.82,8
WARMNEST,13,495,"8:15:00",WARMNEST,2,NEST,20,LAVA,4,SCREWS,132,40000,100,150000,5.82,0,0,3.03,58.18,93.91,11.64,24,20000,872727.27,8
WARMNEST,14,480,"8:00:00",WARMNEST,3,NEST,30,LAVA,6,SCREWS,175,60000,100,150000,9,1,0,54.69,90,96,18,24,20000,1350000,8
WARMNEST,15,480,"8:00:00",WARMNEST,4,NEST,40,LAVA,8,SCREWS,210,80000,100,150000,12,1,0,33.33,120,96,24,24,20000,1800000,8
WATER,1,60,"01:00:00",WATER,1500,,0,,0,WATER,500,0,100,0,36000,0,0,0,0,0,0,0,0,0,0
WATER,2,60,"01:00:00",WATER,1581,,0,,0,WATER,1000,0,100,0,37944,5.4,0,5.4,0,0,0,0,0,0,0
WATER,3,60,"01:00:00",WATER,1666,,0,,0,WATER,1500,0,100,0,39984,5.4,0,5.4,0,0,0,0,0,0,0
WATER,4,60,"01:00:00",WATER,1756,,0,,0,WATER,2000,0,100,0,42144,5.4,0,5.4,0,0,0,0,0,0,0
WATER,5,60,"01:00:00",WATER,1851,,0,,0,WATER,2500,0,100,0,44424,5.4,0,5.4,0,0,0,0,0,0,0
WATER,6,60,"01:00:00",WATER,1951,,0,,0,WATER,3000,0,100,0,46824,5.4,0,5.4,0,0,0,0,0,0,0
WATER,7,60,"01:00:00",WATER,2057,,0,,0,WATER,3500,0,100,0,49368,5.4,0,5.4,0,0,0,0,0,0,0
WATER,8,60,"01:00:00",WATER,2168,,0,,0,WATER,4000,0,100,0,52032,5.4,0,5.4,0,0,0,0,0,0,0
WATER,9,60,"01:00:00",WATER,2285,,0,,0,WATER,4500,0,100,0,54840,5.4,0,5.4,0,0,0,0,0,0,0
WATER,10,60,"01:00:00",WATER,2408,,0,,0,WATER,5000,0,100,0,57792,5.4,0,5.4,0,0,0,0,0,0,0
WATER,11,60,"01:00:00",WATER,2538,,0,,0,WATER,5500,0,100,0,60912,5.4,0,5.4,0,0,0,0,0,0,0
WATER,12,60,"01:00:00",WATER,2675,,0,,0,WATER,6000,0,100,0,64200,5.4,0,5.4,0,0,0,0,0,0,0
WATER,13,60,"01:00:00",WATER,2820,,0,,0,WATER,6500,0,100,0,67680,5.4,0,5.4,0,0,0,0,0,0,0
WATER,14,60,"01:00:00",WATER,2972,,0,,0,WATER,7000,0,100,0,71328,5.4,0,5.4,0,0,0,0,0,0,0
WATER,15,60,"01:00:00",WATER,3132,,0,,0,WATER,7500,0,100,0,75168,5.4,0,5.4,0,0,0,0,0,0,0
WATER,16,60,"01:00:00",WATER,3301,,0,,0,WATER,8000,0,100,0,79224,5.4,0,5.4,0,0,0,0,0,0,0
WATER,17,60,"01:00:00",WATER,3480,,0,,0,WATER,8500,0,100,0,83520,5.4,0,5.4,0,0,0,0,0,0,0
WATER,18,60,"01:00:00",WATER,3668,,0,,0,WATER,9000,0,100,0,88032,5.4,0,5.4,0,0,0,0,0,0,0
WATER,19,60,"01:00:00",WATER,3866,,0,,0,WATER,9500,0,100,0,92784,5.4,0,5.4,0,0,0,0,0,0,0
WATER,20,60,"01:00:00",WATER,4074,,0,,0,WATER,10000,0,100,0,97776,5.4,0,5.4,0,0,0,0,0,0,0
WATER,21,60,"01:00:00",WATER,4294,,0,,0,WATER,10500,0,100,0,103056,5.4,0,5.4,0,0,0,0,0,0,0
WATER,22,60,"01:00:00",WATER,4526,,0,,0,WATER,11000,0,100,0,108624,5.4,0,5.4,0,0,0,0,0,0,0
WATER,23,60,"01:00:00",WATER,4771,,0,,0,WATER,11500,0,100,0,114504,5.4,0,5.4,0,0,0,0,0,0,0
WATER,24,60,"01:00:00",WATER,5028,,0,,0,WATER,12000,0,100,0,120672,5.4,0,5.4,0,0,0,0,0,0,0
WATER,25,60,"01:00:00",WATER,5300,,0,,0,WATER,12500,0,100,0,127200,5.4,0,5.4,0,0,0,0,0,0,0
WATER,26,60,"01:00:00",WATER,5586,,0,,0,WATER,13000,0,100,0,134064,5.4,0,5.4,0,0,0,0,0,0,0
WATER,27,60,"01:00:00",WATER,5888,,0,,0,WATER,13500,0,100,0,141312,5.4,0,5.4,0,0,0,0,0,0,0
WATER,28,60,"01:00:00",WATER,6206,,0,,0,WATER,14000,0,100,0,148944,5.4,0,5.4,0,0,0,0,0,0,0
WATER,29,60,"01:00:00",WATER,6541,,0,,0,WATER,14500,0,100,0,156984,5.4,0,5.4,0,0,0,0,0,0,0
WATER,30,60,"01:00:00",WATER,6894,,0,,0,WATER,15000,0,100,0,165456,5.4,0,5.4,0,0,0,0,0,0,0
WATER,31,60,"01:00:00",WATER,7266,,0,,0,WATER,15500,0,100,0,174384,5.4,0,5.4,0,0,0,0,0,0,0
WATER,32,60,"01:00:00",WATER,7659,,0,,0,WATER,16000,0,100,0,183816,5.4,0,5.4,0,0,0,0,0,0,0
WATER,33,60,"01:00:00",WATER,8072,,0,,0,WATER,16500,0,100,0,193728,5.4,0,5.4,0,0,0,0,0,0,0
WATER,34,60,"01:00:00",WATER,8508,,0,,0,WATER,17000,0,100,0,204192,5.4,0,5.4,0,0,0,0,0,0,0
WATER,35,60,"01:00:00",WATER,8968,,0,,0,WATER,17500,0,100,0,215232,5.4,0,5.4,0,0,0,0,0,0,0
WATER,36,60,"01:00:00",WATER,9452,,0,,0,WATER,18000,0,100,0,226848,5.4,0,5.4,0,0,0,0,0,0,0
WATER,37,60,"01:00:00",WATER,9962,,0,,0,WATER,18500,0,100,0,239088,5.4,0,5.4,0,0,0,0,0,0,0
WATER,38,60,"01:00:00",WATER,10500,,0,,0,WATER,19000,0,100,0,252000,5.4,0,5.4,0,0,0,0,0,0,0
WATER,39,60,"01:00:00",WATER,11067,,0,,0,WATER,19500,0,100,0,265608,5.4,0,5.4,0,0,0,0,0,0,0
WATER,40,60,"01:00:00",WATER,11665,,0,,0,WATER,20000,0,100,0,279960,5.4,0,5.4,0,0,0,0,0,0,0
WETNEST,1,1440,"24:00:00",WETNEST,1,NEST,8,OXYGEN,2,STEEL,2,20000,100,150000,1,0,0,0,8,12,2,1.6,20000,150000,8
WETNEST,2,1200,"20:00:00",WETNEST,1,NEST,8,OXYGEN,2,STEEL,3,20000,100,150000,1.2,0,0,20,9.6,48,2.4,1.92,20000,180000,8
WETNEST,3,1080,"18:00:00",WETNEST,1,NEST,8,OXYGEN,2,STEEL,13,20000,100,150000,1.33,0,0,11.11,10.67,60,2.67,2.67,20000,200000,8
WETNEST,4,960,"16:00:00",WETNEST,1,NEST,8,OXYGEN,2,STEEL,25,20000,100,150000,1.5,0,0,12.5,12,64,3,3.13,20000,225000,8
WETNEST,5,840,"14:00:00",WETNEST,1,NEST,8,OXYGEN,2,SCREWS,10,20000,100,150000,1.71,0,0,14.29,13.71,65.68,3.43,3.43,20000,257142.86,8
WETNEST,6,780,"13:00:00",WETNEST,1,NEST,8,OXYGEN,2,SCREWS,14,20000,100,150000,1.85,0,0,7.69,14.77,68.57,3.69,3.79,20000,276923.08,8
WETNEST,7,720,"12:00:00",WETNEST,1,NEST,8,OXYGEN,2,SCREWS,22,20000,100,150000,2,0,0,8.33,16,68.57,4,3.84,20000,300000,8
WETNEST,8,660,"11:00:00",WETNEST,1,NEST,8,OXYGEN,2,SCREWS,31,20000,100,150000,2.18,0,0,9.09,17.45,69.82,4.36,4.92,20000,327272.73,8
WETNEST,9,600,"10:00:00",WETNEST,1,NEST,8,OXYGEN,2,SCREWS,40,20000,100,150000,2.4,0,0,10,19.2,70.96,4.8,5.49,20000,360000,8
WETNEST,10,570,"9:30:00",WETNEST,2,NEST,16,OXYGEN,4,SCREWS,50,40000,100,150000,5.05,1,0,110.53,40.42,72,10.11,6.32,20000,757894.74,8
WETNEST,11,540,"9:00:00",WETNEST,2,NEST,16,OXYGEN,4,SCREWS,67,40000,100,150000,5.33,0,0,5.56,42.67,76.8,10.67,7.27,20000,800000,8
WETNEST,12,510,"8:30:00",WETNEST,2,NEST,16,OXYGEN,4,SCREWS,90,40000,100,150000,5.65,0,0,5.88,45.18,85.33,11.29,8.57,20000,847058.82,8
WETNEST,13,495,"8:15:00",WETNEST,2,NEST,16,OXYGEN,4,SCREWS,125,40000,100,150000,5.82,0,0,3.03,46.55,91.64,11.64,12,20000,872727.27,8
WETNEST,14,480,"8:00:00",WETNEST,3,NEST,24,OXYGEN,6,SCREWS,165,60000,100,150000,9,1,0,54.69,72,96,18,18,20000,1350000,8
WETNEST,15,480,"8:00:00",WETNEST,4,NEST,32,OXYGEN,8,SCREWS,200,80000,100,150000,12,1,0,33.33,96,96,24,18,20000,1800000,8
WIRE,1,90,"1:30:00",WIRE,1,COPPER,2,,0,COPPER,1,350,100,2500,16,0,0,0,32,24,0,0,350,40000,7
WIRE,2,97.5,"1:37:30",WIRE,2,COPPER,4,,0,COPPER,3,700,100,2500,29.54,1,0,84.62,59.08,88.8,0,0,350,73846.15,7
WIRE,3,105,"1:45:00",WIRE,3,COPPER,6,,0,COPPER,5,1050,100,2500,41.14,1,0,39.29,82.29,88.8,0,0,350,102857.14,7
WIRE,4,115,"1:55:00",WIRE,4,COPPER,8,,0,COPPER,8,1400,100,2500,50.09,1,0,21.74,100.17,106.8,0,0,350,125217.39,7
WIRE,5,122.5,"2:02:30",WIRE,5,COPPER,10,,0,COPPER,10,1750,100,2500,58.78,1,0,17.35,117.55,106.8,0,0,350,146938.78,7
WIRE,6,132.5,"2:12:30",WIRE,6,COPPER,12,,0,COPPER,15,2100,100,2500,65.21,1,0,10.94,130.42,123.6,0,0,350,163018.87,7
WIRE,7,142.5,"2:22:30",WIRE,7,COPPER,14,,0,STEEL,4,2450,100,2500,70.74,1,0,8.48,141.47,123.6,0,0,350,176842.11,7
WIRE,8,152.5,"2:32:30",WIRE,8,COPPER,16,,0,STEEL,7,2800,100,2500,75.54,1,0,6.79,151.08,155.52,0,0,350,188852.46,7
WIRE,9,162.5,"2:42:30",WIRE,10,COPPER,20,,0,STEEL,10,3500,100,2500,88.62,2,0,17.31,177.23,170.64,0,0,350,221538.46,7
WIRE,10,172.5,"2:52:30",WIRE,11,COPPER,22,,0,STEEL,14,3850,100,2500,91.83,1,0,3.62,183.65,198.96,0,0,350,229565.22,7
WIRE,11,182.5,"3:02:30",WIRE,13,COPPER,26,,0,STEEL,18,4550,100,2500,102.58,2,0,11.71,205.15,212.16,0,0,350,256438.36,7
WIRE,12,195,"3:15:00",WIRE,15,COPPER,30,,0,STEEL,22,5250,100,2500,110.77,2,0,7.99,221.54,224.88,0,0,350,276923.08,7
WIRE,13,207.5,"3:27:30",WIRE,18,COPPER,36,,0,STEEL,27,6300,100,2500,124.92,3,0,12.77,249.83,236.88,0,0,350,312289.16,7
WIRE,14,217.5,"3:37:30",WIRE,20,COPPER,40,,0,STEEL,35,7000,100,2500,132.41,2,0,6,264.83,248.4,0,0,350,331034.48,7
WIRE,15,230,"3:50:00",WIRE,22,COPPER,44,,0,SCREWS,12,7700,100,2500,137.74,2,0,4.02,275.48,248.4,0,0,350,344347.83,7
WIRE,16,242.5,"4:02:30",WIRE,25,COPPER,50,,0,SCREWS,14,8750,100,2500,148.45,3,0,7.78,296.91,259.44,0,0,350,371134.02,7
WIRE,17,257.5,"4:17:30",WIRE,28,COPPER,56,,0,SCREWS,17,9800,100,2500,156.58,3,0,5.48,313.17,270,0,0,350,391456.31,7
WIRE,18,270,"4:30:00",WIRE,31,COPPER,62,,0,SCREWS,20,10850,100,2500,165.33,3,0,5.59,330.67,280.08,0,0,350,413333.33,7
WIRE,19,285,"4:45:00",WIRE,35,COPPER,70,,0,SCREWS,25,12250,100,2500,176.84,4,0,6.96,353.68,299.04,0,0,350,442105.26,7
WIRE,20,300,"5:00:00",WIRE,39,COPPER,77.23,,0,SCREWS,32,13650,101,2500,187.2,4,0,5.86,370.69,308.16,0,0,350,468000,7
WIRE,21,315,"5:15:00",WIRE,43,COPPER,84.31,,0,SCREWS,40,15050,102,2500,196.57,4,0,5.01,385.44,325.68,0,0,350,491428.57,7
WIRE,22,332.5,"5:32:30",WIRE,48,COPPER,92.76,,0,SCREWS,50,16800,103.5,2500,207.88,5,0,5.75,401.71,334.08,0,0,350,519699.25,7
WIRE,23,347.5,"5:47:30",WIRE,52,COPPER,99.05,,0,SCREWS,61,18200,105,2500,215.48,4,0,3.66,410.45,342.48,0,0,350,538705.04,7
WIRE,24,365,"6:05:00",WIRE,57,COPPER,106.54,,0,SCREWS,73,19950,107,2500,224.88,5,0,4.36,420.34,358.8,0,0,350,562191.78,7
WIRE,25,382.5,"6:22:30",WIRE,63,COPPER,114.55,,0,SCREWS,84,22050,110,2500,237.18,6,0,5.47,431.23,366.72,0,0,350,592941.18,7
WIRE,26,400,"6:40:00",WIRE,68,COPPER,120.35,,0,SCREWS,95,23800,113,2500,244.8,5,0,3.21,433.27,366.72,0,0,350,612000,7
WIRE,27,420,"7:00:00",WIRE,75,COPPER,129.31,,0,SCREWS,106,26250,116,2500,257.14,7,0,5.04,443.34,374.4,0,0,350,642857.14,7
WIRE,28,440,"7:20:00",WIRE,81,COPPER,135,,0,SCREWS,120,28350,120,2500,265.09,6,0,3.09,441.83,374.4,0,0,350,662727.27,7
WIRE,29,460,"7:40:00",WIRE,88,COPPER,140.8,,0,SCREWS,135,30800,125,2500,275.48,7,0,3.92,440.77,381,0,0,350,688695.65,7
WIRE,30,480,"8:00:00",WIRE,96,COPPER,147.7,,0,SCREWS,160,33600,130,2500,288,8,0,4.55,443.09,381,0,0,350,720000,7